Bölge (Düzey-2),Ýl Adý,Ýlçe Adý,Ýl-Ýlçe,ilce_no
TR10-ISTANBUL-(ISTANBUL),ISTANBUL,ADALAR,ISTANBUL-ADALAR,962
TR10-ISTANBUL-(ISTANBUL),ISTANBUL,ARNAVUTKOY,ISTANBUL-ARNAVUTKOY,890
TR10-ISTANBUL-(ISTANBUL),ISTANBUL,ATASEHIR,ISTANBUL-ATASEHIR,831
TR10-ISTANBUL-(ISTANBUL),ISTANBUL,AVCILAR,ISTANBUL-AVCILAR,842
TR10-ISTANBUL-(ISTANBUL),ISTANBUL,BAGCILAR,ISTANBUL-BAGCILAR,855
TR10-ISTANBUL-(ISTANBUL),ISTANBUL,BAHCELIEVLER,ISTANBUL-BAHCELIEVLER,839
TR10-ISTANBUL-(ISTANBUL),ISTANBUL,BAKIRKOY,ISTANBUL-BAKIRKOY,832
TR10-ISTANBUL-(ISTANBUL),ISTANBUL,BASAKSEHIR,ISTANBUL-BASAKSEHIR,871
TR10-ISTANBUL-(ISTANBUL),ISTANBUL,BAYRAMPASA,ISTANBUL-BAYRAMPASA,858
TR10-ISTANBUL-(ISTANBUL),ISTANBUL,BESIKTAS,ISTANBUL-BESIKTAS,880
TR10-ISTANBUL-(ISTANBUL),ISTANBUL,BEYKOZ,ISTANBUL-BEYKOZ,872
TR10-ISTANBUL-(ISTANBUL),ISTANBUL,BEYLIKDUZU,ISTANBUL-BEYLIKDUZU,841
TR10-ISTANBUL-(ISTANBUL),ISTANBUL,BEYOGLU,ISTANBUL-BEYOGLU,969
TR10-ISTANBUL-(ISTANBUL),ISTANBUL,BUYUKCEKMECE,ISTANBUL-BUYUKCEKMECE,852
TR10-ISTANBUL-(ISTANBUL),ISTANBUL,CATALCA,ISTANBUL-CATALCA,893
TR10-ISTANBUL-(ISTANBUL),ISTANBUL,CEKMEKOY,ISTANBUL-CEKMEKOY,866
TR10-ISTANBUL-(ISTANBUL),ISTANBUL,ESENLER,ISTANBUL-ESENLER,856
TR10-ISTANBUL-(ISTANBUL),ISTANBUL,ESENYURT,ISTANBUL-ESENYURT,853
TR10-ISTANBUL-(ISTANBUL),ISTANBUL,EYUPSULTAN,ISTANBUL-EYUPSULTAN,859
TR10-ISTANBUL-(ISTANBUL),ISTANBUL,FATIH,ISTANBUL-FATIH,863
TR10-ISTANBUL-(ISTANBUL),ISTANBUL,GAZIOSMANPASA,ISTANBUL-GAZIOSMANPASA,881
TR10-ISTANBUL-(ISTANBUL),ISTANBUL,GUNGOREN,ISTANBUL-GUNGOREN,845
TR10-ISTANBUL-(ISTANBUL),ISTANBUL,KADIKOY,ISTANBUL-KADIKOY,834
TR10-ISTANBUL-(ISTANBUL),ISTANBUL,KAGITHANE,ISTANBUL-KAGITHANE,884
TR10-ISTANBUL-(ISTANBUL),ISTANBUL,KARTAL,ISTANBUL-KARTAL,806
TR10-ISTANBUL-(ISTANBUL),ISTANBUL,KUCUKCEKMECE,ISTANBUL-KUCUKCEKMECE,837
TR10-ISTANBUL-(ISTANBUL),ISTANBUL,MALTEPE,ISTANBUL-MALTEPE,827
TR10-ISTANBUL-(ISTANBUL),ISTANBUL,PENDIK,ISTANBUL-PENDIK,805
TR10-ISTANBUL-(ISTANBUL),ISTANBUL,SANCAKTEPE,ISTANBUL-SANCAKTEPE,814
TR10-ISTANBUL-(ISTANBUL),ISTANBUL,SARIYER,ISTANBUL-SARIYER,892
TR10-ISTANBUL-(ISTANBUL),ISTANBUL,SILE,ISTANBUL-SILE,848
TR10-ISTANBUL-(ISTANBUL),ISTANBUL,SILIVRI,ISTANBUL-SILIVRI,885
TR10-ISTANBUL-(ISTANBUL),ISTANBUL,SISLI,ISTANBUL-SISLI,879
TR10-ISTANBUL-(ISTANBUL),ISTANBUL,SULTANBEYLI,ISTANBUL-SULTANBEYLI,815
TR10-ISTANBUL-(ISTANBUL),ISTANBUL,SULTANGAZI,ISTANBUL-SULTANGAZI,888
TR10-ISTANBUL-(ISTANBUL),ISTANBUL,TUZLA,ISTANBUL-TUZLA,774
TR10-ISTANBUL-(ISTANBUL),ISTANBUL,UMRANIYE,ISTANBUL-UMRANIYE,836
TR10-ISTANBUL-(ISTANBUL),ISTANBUL,USKUDAR,ISTANBUL-USKUDAR,846
TR10-ISTANBUL-(ISTANBUL),ISTANBUL,ZEYTINBURNU,ISTANBUL-ZEYTINBURNU,833
"TR21-TRAKYA-(EDIRNE, KIRKLARELI, TEKIRDAG)",EDIRNE,EDIRNE,EDIRNE-EDIRNE,925
"TR21-TRAKYA-(EDIRNE, KIRKLARELI, TEKIRDAG)",EDIRNE,ENEZ,EDIRNE-ENEZ,748
"TR21-TRAKYA-(EDIRNE, KIRKLARELI, TEKIRDAG)",EDIRNE,HAVSA,EDIRNE-HAVSA,926
"TR21-TRAKYA-(EDIRNE, KIRKLARELI, TEKIRDAG)",EDIRNE,IPSALA,EDIRNE-IPSALA,765
"TR21-TRAKYA-(EDIRNE, KIRKLARELI, TEKIRDAG)",EDIRNE,KESAN,EDIRNE-KESAN,734
"TR21-TRAKYA-(EDIRNE, KIRKLARELI, TEKIRDAG)",EDIRNE,LALAPASA,EDIRNE-LALAPASA,955
"TR21-TRAKYA-(EDIRNE, KIRKLARELI, TEKIRDAG)",EDIRNE,MERIC,EDIRNE-MERIC,889
"TR21-TRAKYA-(EDIRNE, KIRKLARELI, TEKIRDAG)",EDIRNE,SULOGLU,EDIRNE-SULOGLU,944
"TR21-TRAKYA-(EDIRNE, KIRKLARELI, TEKIRDAG)",EDIRNE,UZUNKOPRU,EDIRNE-UZUNKOPRU,868
"TR21-TRAKYA-(EDIRNE, KIRKLARELI, TEKIRDAG)",KIRKLARELI,BABAESKI,KIRKLARELI-BABAESKI,916
"TR21-TRAKYA-(EDIRNE, KIRKLARELI, TEKIRDAG)",KIRKLARELI,DEMIRKOY,KIRKLARELI-DEMIRKOY,951
"TR21-TRAKYA-(EDIRNE, KIRKLARELI, TEKIRDAG)",KIRKLARELI,KIRLARELI,KIRKLARELI-KIRLARELI,934
"TR21-TRAKYA-(EDIRNE, KIRKLARELI, TEKIRDAG)",KIRKLARELI,KOFCAZ,KIRKLARELI-KOFCAZ,958
"TR21-TRAKYA-(EDIRNE, KIRKLARELI, TEKIRDAG)",KIRKLARELI,LULEBURGAZ,KIRKLARELI-LULEBURGAZ,904
"TR21-TRAKYA-(EDIRNE, KIRKLARELI, TEKIRDAG)",KIRKLARELI,PEHLIVANKOY,KIRKLARELI-PEHLIVANKOY,919
"TR21-TRAKYA-(EDIRNE, KIRKLARELI, TEKIRDAG)",KIRKLARELI,PINARHISAR,KIRKLARELI-PINARHISAR,935
"TR21-TRAKYA-(EDIRNE, KIRKLARELI, TEKIRDAG)",KIRKLARELI,VIZE,KIRKLARELI-VIZE,927
"TR21-TRAKYA-(EDIRNE, KIRKLARELI, TEKIRDAG)",TEKIRDAG,CERKEZKOY,TEKIRDAG-CERKEZKOY,905
"TR21-TRAKYA-(EDIRNE, KIRKLARELI, TEKIRDAG)",TEKIRDAG,CORLU,TEKIRDAG-CORLU,874
"TR21-TRAKYA-(EDIRNE, KIRKLARELI, TEKIRDAG)",TEKIRDAG,ERGENE,TEKIRDAG-ERGENE,902
"TR21-TRAKYA-(EDIRNE, KIRKLARELI, TEKIRDAG)",TEKIRDAG,HAYRABOLU,TEKIRDAG-HAYRABOLU,877
"TR21-TRAKYA-(EDIRNE, KIRKLARELI, TEKIRDAG)",TEKIRDAG,KAPAKLI,TEKIRDAG-KAPAKLI,912
"TR21-TRAKYA-(EDIRNE, KIRKLARELI, TEKIRDAG)",TEKIRDAG,MALKARA,TEKIRDAG-MALKARA,746
"TR21-TRAKYA-(EDIRNE, KIRKLARELI, TEKIRDAG)",TEKIRDAG,MARMARA EREGLISI,TEKIRDAG-MARMARA EREGLISI,970
"TR21-TRAKYA-(EDIRNE, KIRKLARELI, TEKIRDAG)",TEKIRDAG,MURATLI,TEKIRDAG-MURATLI,894
"TR21-TRAKYA-(EDIRNE, KIRKLARELI, TEKIRDAG)",TEKIRDAG,SARAY,TEKIRDAG-SARAY,918
"TR21-TRAKYA-(EDIRNE, KIRKLARELI, TEKIRDAG)",TEKIRDAG,SARKOY,TEKIRDAG-SARKOY,735
"TR21-TRAKYA-(EDIRNE, KIRKLARELI, TEKIRDAG)",TEKIRDAG,SULEYMANPASA,TEKIRDAG-SULEYMANPASA,777
"TR22-GUNEY MARMARA-(BALIKESIR, CANAKKALE)",BALIKESIR,ALTIEYLUL,BALIKESIR-ALTIEYLUL,489
"TR22-GUNEY MARMARA-(BALIKESIR, CANAKKALE)",BALIKESIR,AYVALIK,BALIKESIR-AYVALIK,478
"TR22-GUNEY MARMARA-(BALIKESIR, CANAKKALE)",BALIKESIR,BALYA,BALIKESIR-BALYA,538
"TR22-GUNEY MARMARA-(BALIKESIR, CANAKKALE)",BALIKESIR,BANDIRMA,BALIKESIR-BANDIRMA,626
"TR22-GUNEY MARMARA-(BALIKESIR, CANAKKALE)",BALIKESIR,BIGADIC,BALIKESIR-BIGADIC,485
"TR22-GUNEY MARMARA-(BALIKESIR, CANAKKALE)",BALIKESIR,BURHANIYE,BALIKESIR-BURHANIYE,483
"TR22-GUNEY MARMARA-(BALIKESIR, CANAKKALE)",BALIKESIR,DURSUNBEY,BALIKESIR-DURSUNBEY,515
"TR22-GUNEY MARMARA-(BALIKESIR, CANAKKALE)",BALIKESIR,EDREMIT,BALIKESIR-EDREMIT,522
"TR22-GUNEY MARMARA-(BALIKESIR, CANAKKALE)",BALIKESIR,ERDEK,BALIKESIR-ERDEK,667
"TR22-GUNEY MARMARA-(BALIKESIR, CANAKKALE)",BALIKESIR,GOMEC,BALIKESIR-GOMEC,492
"TR22-GUNEY MARMARA-(BALIKESIR, CANAKKALE)",BALIKESIR,GONEN,BALIKESIR-GONEN,584
"TR22-GUNEY MARMARA-(BALIKESIR, CANAKKALE)",BALIKESIR,HAVRAN,BALIKESIR-HAVRAN,521
"TR22-GUNEY MARMARA-(BALIKESIR, CANAKKALE)",BALIKESIR,IVRINDI,BALIKESIR-IVRINDI,497
"TR22-GUNEY MARMARA-(BALIKESIR, CANAKKALE)",BALIKESIR,KARESI,BALIKESIR-KARESI,580
"TR22-GUNEY MARMARA-(BALIKESIR, CANAKKALE)",BALIKESIR,KEPSUT,BALIKESIR-KEPSUT,523
"TR22-GUNEY MARMARA-(BALIKESIR, CANAKKALE)",BALIKESIR,MANYAS,BALIKESIR-MANYAS,579
"TR22-GUNEY MARMARA-(BALIKESIR, CANAKKALE)",BALIKESIR,MARMARA,BALIKESIR-MARMARA,963
"TR22-GUNEY MARMARA-(BALIKESIR, CANAKKALE)",BALIKESIR,SAVASTEPE,BALIKESIR-SAVASTEPE,486
"TR22-GUNEY MARMARA-(BALIKESIR, CANAKKALE)",BALIKESIR,SINDIRGI,BALIKESIR-SINDIRGI,461
"TR22-GUNEY MARMARA-(BALIKESIR, CANAKKALE)",BALIKESIR,SUSURLUK,BALIKESIR-SUSURLUK,560
"TR22-GUNEY MARMARA-(BALIKESIR, CANAKKALE)",CANAKKALE,AYVACIK,CANAKKALE-AYVACIK,540
"TR22-GUNEY MARMARA-(BALIKESIR, CANAKKALE)",CANAKKALE,BAYRAMIC,CANAKKALE-BAYRAMIC,543
"TR22-GUNEY MARMARA-(BALIKESIR, CANAKKALE)",CANAKKALE,BIGA,CANAKKALE-BIGA,621
"TR22-GUNEY MARMARA-(BALIKESIR, CANAKKALE)",CANAKKALE,BOZCAADA,CANAKKALE-BOZCAADA,964
"TR22-GUNEY MARMARA-(BALIKESIR, CANAKKALE)",CANAKKALE,CAN,CANAKKALE-CAN,596
"TR22-GUNEY MARMARA-(BALIKESIR, CANAKKALE)",CANAKKALE,CANAKKALE,CANAKKALE-CANAKKALE,585
"TR22-GUNEY MARMARA-(BALIKESIR, CANAKKALE)",CANAKKALE,ECEABAT,CANAKKALE-ECEABAT,672
"TR22-GUNEY MARMARA-(BALIKESIR, CANAKKALE)",CANAKKALE,EZINE,CANAKKALE-EZINE,541
"TR22-GUNEY MARMARA-(BALIKESIR, CANAKKALE)",CANAKKALE,GELIBOLU,CANAKKALE-GELIBOLU,671
"TR22-GUNEY MARMARA-(BALIKESIR, CANAKKALE)",CANAKKALE,GOKCEADA,CANAKKALE-GOKCEADA,965
"TR22-GUNEY MARMARA-(BALIKESIR, CANAKKALE)",CANAKKALE,LAPSEKI,CANAKKALE-LAPSEKI,642
"TR22-GUNEY MARMARA-(BALIKESIR, CANAKKALE)",CANAKKALE,YENICE,CANAKKALE-YENICE,551
TR31-IZMIR-(IZMIR),IZMIR,ALIAGA,IZMIR-ALIAGA,397
TR31-IZMIR-(IZMIR),IZMIR,BALCOVA,IZMIR-BALCOVA,331
TR31-IZMIR-(IZMIR),IZMIR,BAYINDIR,IZMIR-BAYINDIR,291
TR31-IZMIR-(IZMIR),IZMIR,BAYRAKLI,IZMIR-BAYRAKLI,337
TR31-IZMIR-(IZMIR),IZMIR,BERGAMA,IZMIR-BERGAMA,427
TR31-IZMIR-(IZMIR),IZMIR,BEYDAG,IZMIR-BEYDAG,266
TR31-IZMIR-(IZMIR),IZMIR,BORNOVA,IZMIR-BORNOVA,335
TR31-IZMIR-(IZMIR),IZMIR,BUCA,IZMIR-BUCA,306
TR31-IZMIR-(IZMIR),IZMIR,CESME,IZMIR-CESME,332
TR31-IZMIR-(IZMIR),IZMIR,CIGLI,IZMIR-CIGLI,363
TR31-IZMIR-(IZMIR),IZMIR,DIKILI,IZMIR-DIKILI,477
TR31-IZMIR-(IZMIR),IZMIR,FOCA,IZMIR-FOCA,384
TR31-IZMIR-(IZMIR),IZMIR,GAZIEMIR,IZMIR-GAZIEMIR,311
TR31-IZMIR-(IZMIR),IZMIR,GUZELBAHCE,IZMIR-GUZELBAHCE,310
TR31-IZMIR-(IZMIR),IZMIR,KARABAGLAR,IZMIR-KARABAGLAR,312
TR31-IZMIR-(IZMIR),IZMIR,KARABURUN,IZMIR-KARABURUN,340
TR31-IZMIR-(IZMIR),IZMIR,KARSIYAKA,IZMIR-KARSIYAKA,362
TR31-IZMIR-(IZMIR),IZMIR,KEMALPASA,IZMIR-KEMALPASA,318
TR31-IZMIR-(IZMIR),IZMIR,KINIK,IZMIR-KINIK,428
TR31-IZMIR-(IZMIR),IZMIR,KIRAZ,IZMIR-KIRAZ,279
TR31-IZMIR-(IZMIR),IZMIR,KONAK,IZMIR-KONAK,334
TR31-IZMIR-(IZMIR),IZMIR,MENDERES,IZMIR-MENDERES,253
TR31-IZMIR-(IZMIR),IZMIR,MENEMEN,IZMIR-MENEMEN,368
TR31-IZMIR-(IZMIR),IZMIR,NARLIDERE,IZMIR-NARLIDERE,329
TR31-IZMIR-(IZMIR),IZMIR,ODEMIS,IZMIR-ODEMIS,261
TR31-IZMIR-(IZMIR),IZMIR,SEFERIHISAR,IZMIR-SEFERIHISAR,304
TR31-IZMIR-(IZMIR),IZMIR,SELCUK,IZMIR-SELCUK,226
TR31-IZMIR-(IZMIR),IZMIR,TIRE,IZMIR-TIRE,245
TR31-IZMIR-(IZMIR),IZMIR,TORBALI,IZMIR-TORBALI,270
TR31-IZMIR-(IZMIR),IZMIR,URLA,IZMIR-URLA,303
"TR32-GUNEY EGE-(AYDIN, DENIZLI, MUGLA)",AYDIN,BOZDOGAN,AYDIN-BOZDOGAN,159
"TR32-GUNEY EGE-(AYDIN, DENIZLI, MUGLA)",AYDIN,BUHARKENT,AYDIN-BUHARKENT,242
"TR32-GUNEY EGE-(AYDIN, DENIZLI, MUGLA)",AYDIN,CINE,AYDIN-CINE,162
"TR32-GUNEY EGE-(AYDIN, DENIZLI, MUGLA)",AYDIN,DIDIM,AYDIN-DIDIM,163
"TR32-GUNEY EGE-(AYDIN, DENIZLI, MUGLA)",AYDIN,EFELER,AYDIN-EFELER,207
"TR32-GUNEY EGE-(AYDIN, DENIZLI, MUGLA)",AYDIN,GERMENCIK,AYDIN-GERMENCIK,213
"TR32-GUNEY EGE-(AYDIN, DENIZLI, MUGLA)",AYDIN,INCIRLIOVA,AYDIN-INCIRLIOVA,214
"TR32-GUNEY EGE-(AYDIN, DENIZLI, MUGLA)",AYDIN,KARACASU,AYDIN-KARACASU,178
"TR32-GUNEY EGE-(AYDIN, DENIZLI, MUGLA)",AYDIN,KARPUZLU,AYDIN-KARPUZLU,166
"TR32-GUNEY EGE-(AYDIN, DENIZLI, MUGLA)",AYDIN,KOCARLI,AYDIN-KOCARLI,170
"TR32-GUNEY EGE-(AYDIN, DENIZLI, MUGLA)",AYDIN,KOSK,AYDIN-KOSK,227
"TR32-GUNEY EGE-(AYDIN, DENIZLI, MUGLA)",AYDIN,KUSADASI,AYDIN-KUSADASI,218
"TR32-GUNEY EGE-(AYDIN, DENIZLI, MUGLA)",AYDIN,KUYUCAK,AYDIN-KUYUCAK,215
"TR32-GUNEY EGE-(AYDIN, DENIZLI, MUGLA)",AYDIN,NAZILLI,AYDIN-NAZILLI,212
"TR32-GUNEY EGE-(AYDIN, DENIZLI, MUGLA)",AYDIN,SOKE,AYDIN-SOKE,173
"TR32-GUNEY EGE-(AYDIN, DENIZLI, MUGLA)",AYDIN,SULTANHISAR,AYDIN-SULTANHISAR,230
"TR32-GUNEY EGE-(AYDIN, DENIZLI, MUGLA)",AYDIN,YENIPAZAR,AYDIN-YENIPAZAR,206
"TR32-GUNEY EGE-(AYDIN, DENIZLI, MUGLA)",DENIZLI,ACIPAYAM,DENIZLI-ACIPAYAM,82
"TR32-GUNEY EGE-(AYDIN, DENIZLI, MUGLA)",DENIZLI,BABADAG,DENIZLI-BABADAG,200
"TR32-GUNEY EGE-(AYDIN, DENIZLI, MUGLA)",DENIZLI,BAKLAN,DENIZLI-BAKLAN,232
"TR32-GUNEY EGE-(AYDIN, DENIZLI, MUGLA)",DENIZLI,BEKILLI,DENIZLI-BEKILLI,295
"TR32-GUNEY EGE-(AYDIN, DENIZLI, MUGLA)",DENIZLI,BEYAGAC,DENIZLI-BEYAGAC,102
"TR32-GUNEY EGE-(AYDIN, DENIZLI, MUGLA)",DENIZLI,BOZKURT,DENIZLI-BOZKURT,185
"TR32-GUNEY EGE-(AYDIN, DENIZLI, MUGLA)",DENIZLI,BULDAN,DENIZLI-BULDAN,264
"TR32-GUNEY EGE-(AYDIN, DENIZLI, MUGLA)",DENIZLI,CAL,DENIZLI-CAL,235
"TR32-GUNEY EGE-(AYDIN, DENIZLI, MUGLA)",DENIZLI,CAMELI,DENIZLI-CAMELI,57
"TR32-GUNEY EGE-(AYDIN, DENIZLI, MUGLA)",DENIZLI,CARDAK,DENIZLI-CARDAK,184
"TR32-GUNEY EGE-(AYDIN, DENIZLI, MUGLA)",DENIZLI,CIVRIL,DENIZLI-CIVRIL,251
"TR32-GUNEY EGE-(AYDIN, DENIZLI, MUGLA)",DENIZLI,GUNEY,DENIZLI-GUNEY,280
"TR32-GUNEY EGE-(AYDIN, DENIZLI, MUGLA)",DENIZLI,HONAZ,DENIZLI-HONAZ,183
"TR32-GUNEY EGE-(AYDIN, DENIZLI, MUGLA)",DENIZLI,KALE,DENIZLI-KALE,129
"TR32-GUNEY EGE-(AYDIN, DENIZLI, MUGLA)",DENIZLI,MERKEZEFENDI,DENIZLI-MERKEZEFENDI,197
"TR32-GUNEY EGE-(AYDIN, DENIZLI, MUGLA)",DENIZLI,PAMUKKALE,DENIZLI-PAMUKKALE,186
"TR32-GUNEY EGE-(AYDIN, DENIZLI, MUGLA)",DENIZLI,SARAYKOY,DENIZLI-SARAYKOY,224
"TR32-GUNEY EGE-(AYDIN, DENIZLI, MUGLA)",DENIZLI,SERINHISAR,DENIZLI-SERINHISAR,182
"TR32-GUNEY EGE-(AYDIN, DENIZLI, MUGLA)",DENIZLI,TAVAS,DENIZLI-TAVAS,126
"TR32-GUNEY EGE-(AYDIN, DENIZLI, MUGLA)",MUGLA,BODRUM,MUGLA-BODRUM,93
"TR32-GUNEY EGE-(AYDIN, DENIZLI, MUGLA)",MUGLA,DALAMAN,MUGLA-DALAMAN,54
"TR32-GUNEY EGE-(AYDIN, DENIZLI, MUGLA)",MUGLA,DATCA,MUGLA-DATCA,48
"TR32-GUNEY EGE-(AYDIN, DENIZLI, MUGLA)",MUGLA,FETHIYE,MUGLA-FETHIYE,55
"TR32-GUNEY EGE-(AYDIN, DENIZLI, MUGLA)",MUGLA,KAVAKLIDERE,MUGLA-KAVAKLIDERE,156
"TR32-GUNEY EGE-(AYDIN, DENIZLI, MUGLA)",MUGLA,KOYCEGIZ,MUGLA-KOYCEGIZ,62
"TR32-GUNEY EGE-(AYDIN, DENIZLI, MUGLA)",MUGLA,MARMARIS,MUGLA-MARMARIS,47
"TR32-GUNEY EGE-(AYDIN, DENIZLI, MUGLA)",MUGLA,MENTESE,MUGLA-MENTESE,103
"TR32-GUNEY EGE-(AYDIN, DENIZLI, MUGLA)",MUGLA,MILAS,MUGLA-MILAS,94
"TR32-GUNEY EGE-(AYDIN, DENIZLI, MUGLA)",MUGLA,ORTACA,MUGLA-ORTACA,63
"TR32-GUNEY EGE-(AYDIN, DENIZLI, MUGLA)",MUGLA,SEYDIKEMER,MUGLA-SEYDIKEMER,60
"TR32-GUNEY EGE-(AYDIN, DENIZLI, MUGLA)",MUGLA,ULA,MUGLA-ULA,80
"TR32-GUNEY EGE-(AYDIN, DENIZLI, MUGLA)",MUGLA,YATAGAN,MUGLA-YATAGAN,135
"TR33-ZAFER-(AFYONKARAHISAR, KUTAHYA, MANISA, USAK)",AFYONKARAHISAR,AFYONKARAHISAR,AFYONKARAHISAR-AFYONKARAHISAR,377
"TR33-ZAFER-(AFYONKARAHISAR, KUTAHYA, MANISA, USAK)",AFYONKARAHISAR,BASMAKCI,AFYONKARAHISAR-BASMAKCI,211
"TR33-ZAFER-(AFYONKARAHISAR, KUTAHYA, MANISA, USAK)",AFYONKARAHISAR,BAYAT,AFYONKARAHISAR-BAYAT,409
"TR33-ZAFER-(AFYONKARAHISAR, KUTAHYA, MANISA, USAK)",AFYONKARAHISAR,BOLVADIN,AFYONKARAHISAR-BOLVADIN,385
"TR33-ZAFER-(AFYONKARAHISAR, KUTAHYA, MANISA, USAK)",AFYONKARAHISAR,CAY,AFYONKARAHISAR-CAY,357
"TR33-ZAFER-(AFYONKARAHISAR, KUTAHYA, MANISA, USAK)",AFYONKARAHISAR,COBANLAR,AFYONKARAHISAR-COBANLAR,386
"TR33-ZAFER-(AFYONKARAHISAR, KUTAHYA, MANISA, USAK)",AFYONKARAHISAR,DAZKIRI,AFYONKARAHISAR-DAZKIRI,228
"TR33-ZAFER-(AFYONKARAHISAR, KUTAHYA, MANISA, USAK)",AFYONKARAHISAR,DINAR,AFYONKARAHISAR-DINAR,246
"TR33-ZAFER-(AFYONKARAHISAR, KUTAHYA, MANISA, USAK)",AFYONKARAHISAR,EMIRDAG,AFYONKARAHISAR-EMIRDAG,405
"TR33-ZAFER-(AFYONKARAHISAR, KUTAHYA, MANISA, USAK)",AFYONKARAHISAR,EVCILER,AFYONKARAHISAR-EVCILER,249
"TR33-ZAFER-(AFYONKARAHISAR, KUTAHYA, MANISA, USAK)",AFYONKARAHISAR,HOCALAR,AFYONKARAHISAR-HOCALAR,341
"TR33-ZAFER-(AFYONKARAHISAR, KUTAHYA, MANISA, USAK)",AFYONKARAHISAR,IHSANIYE,AFYONKARAHISAR-IHSANIYE,436
"TR33-ZAFER-(AFYONKARAHISAR, KUTAHYA, MANISA, USAK)",AFYONKARAHISAR,ISCEHISAR,AFYONKARAHISAR-ISCEHISAR,410
"TR33-ZAFER-(AFYONKARAHISAR, KUTAHYA, MANISA, USAK)",AFYONKARAHISAR,KIZILOREN,AFYONKARAHISAR-KIZILOREN,300
"TR33-ZAFER-(AFYONKARAHISAR, KUTAHYA, MANISA, USAK)",AFYONKARAHISAR,SANDIKLI,AFYONKARAHISAR-SANDIKLI,313
"TR33-ZAFER-(AFYONKARAHISAR, KUTAHYA, MANISA, USAK)",AFYONKARAHISAR,SINANPASA,AFYONKARAHISAR-SINANPASA,382
"TR33-ZAFER-(AFYONKARAHISAR, KUTAHYA, MANISA, USAK)",AFYONKARAHISAR,SUHUT,AFYONKARAHISAR-SUHUT,307
"TR33-ZAFER-(AFYONKARAHISAR, KUTAHYA, MANISA, USAK)",AFYONKARAHISAR,SULTANDAGI,AFYONKARAHISAR-SULTANDAGI,353
"TR33-ZAFER-(AFYONKARAHISAR, KUTAHYA, MANISA, USAK)",KUTAHYA,ALTINTAS,KUTAHYA-ALTINTAS,426
"TR33-ZAFER-(AFYONKARAHISAR, KUTAHYA, MANISA, USAK)",KUTAHYA,ASLANAPA,KUTAHYA-ASLANAPA,457
"TR33-ZAFER-(AFYONKARAHISAR, KUTAHYA, MANISA, USAK)",KUTAHYA,CAVDARHISAR,KUTAHYA-CAVDARHISAR,459
"TR33-ZAFER-(AFYONKARAHISAR, KUTAHYA, MANISA, USAK)",KUTAHYA,DOMANIC,KUTAHYA-DOMANIC,553
"TR33-ZAFER-(AFYONKARAHISAR, KUTAHYA, MANISA, USAK)",KUTAHYA,DUMLUPINAR,KUTAHYA-DUMLUPINAR,424
"TR33-ZAFER-(AFYONKARAHISAR, KUTAHYA, MANISA, USAK)",KUTAHYA,EMET,KUTAHYA-EMET,470
"TR33-ZAFER-(AFYONKARAHISAR, KUTAHYA, MANISA, USAK)",KUTAHYA,GEDIZ,KUTAHYA-GEDIZ,413
"TR33-ZAFER-(AFYONKARAHISAR, KUTAHYA, MANISA, USAK)",KUTAHYA,HISARCIK,KUTAHYA-HISARCIK,468
"TR33-ZAFER-(AFYONKARAHISAR, KUTAHYA, MANISA, USAK)",KUTAHYA,KUTAHYA,KUTAHYA-KUTAHYA,475
"TR33-ZAFER-(AFYONKARAHISAR, KUTAHYA, MANISA, USAK)",KUTAHYA,PAZARLAR,KUTAHYA-PAZARLAR,417
"TR33-ZAFER-(AFYONKARAHISAR, KUTAHYA, MANISA, USAK)",KUTAHYA,SAPHANE,KUTAHYA-SAPHANE,414
"TR33-ZAFER-(AFYONKARAHISAR, KUTAHYA, MANISA, USAK)",KUTAHYA,SIMAV,KUTAHYA-SIMAV,421
"TR33-ZAFER-(AFYONKARAHISAR, KUTAHYA, MANISA, USAK)",KUTAHYA,TAVSANLI,KUTAHYA-TAVSANLI,493
"TR33-ZAFER-(AFYONKARAHISAR, KUTAHYA, MANISA, USAK)",MANISA,AHMETLI,MANISA-AHMETLI,376
"TR33-ZAFER-(AFYONKARAHISAR, KUTAHYA, MANISA, USAK)",MANISA,AKHISAR,MANISA-AKHISAR,404
"TR33-ZAFER-(AFYONKARAHISAR, KUTAHYA, MANISA, USAK)",MANISA,ALASEHIR,MANISA-ALASEHIR,277
"TR33-ZAFER-(AFYONKARAHISAR, KUTAHYA, MANISA, USAK)",MANISA,DEMIRCI,MANISA-DEMIRCI,399
"TR33-ZAFER-(AFYONKARAHISAR, KUTAHYA, MANISA, USAK)",MANISA,GOLMARMARA,MANISA-GOLMARMARA,378
"TR33-ZAFER-(AFYONKARAHISAR, KUTAHYA, MANISA, USAK)",MANISA,GORDES,MANISA-GORDES,403
"TR33-ZAFER-(AFYONKARAHISAR, KUTAHYA, MANISA, USAK)",MANISA,KIRKAGAC,MANISA-KIRKAGAC,474
"TR33-ZAFER-(AFYONKARAHISAR, KUTAHYA, MANISA, USAK)",MANISA,KOPRUBASI,MANISA-KOPRUBASI,412
"TR33-ZAFER-(AFYONKARAHISAR, KUTAHYA, MANISA, USAK)",MANISA,KULA,MANISA-KULA,366
"TR33-ZAFER-(AFYONKARAHISAR, KUTAHYA, MANISA, USAK)",MANISA,SALIHLI,MANISA-SALIHLI,328
"TR33-ZAFER-(AFYONKARAHISAR, KUTAHYA, MANISA, USAK)",MANISA,SARIGOL,MANISA-SARIGOL,276
"TR33-ZAFER-(AFYONKARAHISAR, KUTAHYA, MANISA, USAK)",MANISA,SARUHANLI,MANISA-SARUHANLI,380
"TR33-ZAFER-(AFYONKARAHISAR, KUTAHYA, MANISA, USAK)",MANISA,SEHZADELER,MANISA-SEHZADELER,367
"TR33-ZAFER-(AFYONKARAHISAR, KUTAHYA, MANISA, USAK)",MANISA,SELENDI,MANISA-SELENDI,398
"TR33-ZAFER-(AFYONKARAHISAR, KUTAHYA, MANISA, USAK)",MANISA,SOMA,MANISA-SOMA,446
"TR33-ZAFER-(AFYONKARAHISAR, KUTAHYA, MANISA, USAK)",MANISA,TURGUTLU,MANISA-TURGUTLU,322
"TR33-ZAFER-(AFYONKARAHISAR, KUTAHYA, MANISA, USAK)",MANISA,YUNUSEMRE,MANISA-YUNUSEMRE,370
"TR33-ZAFER-(AFYONKARAHISAR, KUTAHYA, MANISA, USAK)",USAK,BANAZ,USAK-BANAZ,381
"TR33-ZAFER-(AFYONKARAHISAR, KUTAHYA, MANISA, USAK)",USAK,ESME,USAK-ESME,297
"TR33-ZAFER-(AFYONKARAHISAR, KUTAHYA, MANISA, USAK)",USAK,KARAHALLI,USAK-KARAHALLI,315
"TR33-ZAFER-(AFYONKARAHISAR, KUTAHYA, MANISA, USAK)",USAK,SIVASLI,USAK-SIVASLI,339
"TR33-ZAFER-(AFYONKARAHISAR, KUTAHYA, MANISA, USAK)",USAK,ULUBEY,USAK-ULUBEY,317
"TR33-ZAFER-(AFYONKARAHISAR, KUTAHYA, MANISA, USAK)",USAK,USAK,USAK-USAK,342
"TR41-BURSA, ESKISEHIR, BILECIK",BILECIK,BILECIK,BILECIK-BILECIK,595
"TR41-BURSA, ESKISEHIR, BILECIK",BILECIK,BOZUYUK,BILECIK-BOZUYUK,539
"TR41-BURSA, ESKISEHIR, BILECIK",BILECIK,GOLPAZARI,BILECIK-GOLPAZARI,622
"TR41-BURSA, ESKISEHIR, BILECIK",BILECIK,INHISAR,BILECIK-INHISAR,599
"TR41-BURSA, ESKISEHIR, BILECIK",BILECIK,OSMANELI,BILECIK-OSMANELI,653
"TR41-BURSA, ESKISEHIR, BILECIK",BILECIK,PAZARYERI,BILECIK-PAZARYERI,594
"TR41-BURSA, ESKISEHIR, BILECIK",BILECIK,SOGUT,BILECIK-SOGUT,570
"TR41-BURSA, ESKISEHIR, BILECIK",BILECIK,YENIPAZAR,BILECIK-YENIPAZAR,624
"TR41-BURSA, ESKISEHIR, BILECIK",BURSA,BUYUKORHAN,BURSA-BUYUKORHAN,548
"TR41-BURSA, ESKISEHIR, BILECIK",BURSA,GEMLIK,BURSA-GEMLIK,659
"TR41-BURSA, ESKISEHIR, BILECIK",BURSA,GURSU,BURSA-GURSU,645
"TR41-BURSA, ESKISEHIR, BILECIK",BURSA,HARMANCIK,BURSA-HARMANCIK,526
"TR41-BURSA, ESKISEHIR, BILECIK",BURSA,INEGOL,BURSA-INEGOL,574
"TR41-BURSA, ESKISEHIR, BILECIK",BURSA,IZNIK,BURSA-IZNIK,666
"TR41-BURSA, ESKISEHIR, BILECIK",BURSA,KARACABEY,BURSA-KARACABEY,625
"TR41-BURSA, ESKISEHIR, BILECIK",BURSA,KELES,BURSA-KELES,556
"TR41-BURSA, ESKISEHIR, BILECIK",BURSA,KESTEL,BURSA-KESTEL,613
"TR41-BURSA, ESKISEHIR, BILECIK",BURSA,MUDANYA,BURSA-MUDANYA,650
"TR41-BURSA, ESKISEHIR, BILECIK",BURSA,MUSTAFAKEMALPASA,BURSA-MUSTAFAKEMALPASA,555
"TR41-BURSA, ESKISEHIR, BILECIK",BURSA,NILUFER,BURSA-NILUFER,617
"TR41-BURSA, ESKISEHIR, BILECIK",BURSA,ORHANELI,BURSA-ORHANELI,563
"TR41-BURSA, ESKISEHIR, BILECIK",BURSA,ORHANGAZI,BURSA-ORHANGAZI,662
"TR41-BURSA, ESKISEHIR, BILECIK",BURSA,OSMANGAZI,BURSA-OSMANGAZI,610
"TR41-BURSA, ESKISEHIR, BILECIK",BURSA,YENISEHIR,BURSA-YENISEHIR,629
"TR41-BURSA, ESKISEHIR, BILECIK",BURSA,YILDIRIM,BURSA-YILDIRIM,635
"TR41-BURSA, ESKISEHIR, BILECIK",ESKISEHIR,ALPU,ESKISEHIR-ALPU,535
"TR41-BURSA, ESKISEHIR, BILECIK",ESKISEHIR,BEYLIKOVA,ESKISEHIR-BEYLIKOVA,533
"TR41-BURSA, ESKISEHIR, BILECIK",ESKISEHIR,CIFTELER,ESKISEHIR-CIFTELER,473
"TR41-BURSA, ESKISEHIR, BILECIK",ESKISEHIR,GUNYUZU,ESKISEHIR-GUNYUZU,517
"TR41-BURSA, ESKISEHIR, BILECIK",ESKISEHIR,HAN,ESKISEHIR-HAN,453
"TR41-BURSA, ESKISEHIR, BILECIK",ESKISEHIR,INONU,ESKISEHIR-INONU,542
"TR41-BURSA, ESKISEHIR, BILECIK",ESKISEHIR,MAHMUDIYE,ESKISEHIR-MAHMUDIYE,507
"TR41-BURSA, ESKISEHIR, BILECIK",ESKISEHIR,MIHALGAZI,ESKISEHIR-MIHALGAZI,598
"TR41-BURSA, ESKISEHIR, BILECIK",ESKISEHIR,MIHALICCIK,ESKISEHIR-MIHALICCIK,547
"TR41-BURSA, ESKISEHIR, BILECIK",ESKISEHIR,ODUNPAZARI,ESKISEHIR-ODUNPAZARI,528
"TR41-BURSA, ESKISEHIR, BILECIK",ESKISEHIR,SARICAKAYA,ESKISEHIR-SARICAKAYA,591
"TR41-BURSA, ESKISEHIR, BILECIK",ESKISEHIR,SEYITGAZI,ESKISEHIR-SEYITGAZI,465
"TR41-BURSA, ESKISEHIR, BILECIK",ESKISEHIR,SIVRIHISAR,ESKISEHIR-SIVRIHISAR,462
"TR41-BURSA, ESKISEHIR, BILECIK",ESKISEHIR,TEPEBASI,ESKISEHIR-TEPEBASI,566
"TR42-DOGU MARMARA-(BOLU, DUZCE, KOCAELI, SAKARYA, YALOVA)",BOLU,BOLU,BOLU-BOLU,716
"TR42-DOGU MARMARA-(BOLU, DUZCE, KOCAELI, SAKARYA, YALOVA)",BOLU,DORTDIVAN,BOLU-DORTDIVAN,749
"TR42-DOGU MARMARA-(BOLU, DUZCE, KOCAELI, SAKARYA, YALOVA)",BOLU,GEREDE,BOLU-GEREDE,756
"TR42-DOGU MARMARA-(BOLU, DUZCE, KOCAELI, SAKARYA, YALOVA)",BOLU,GOYNUK,BOLU-GOYNUK,628
"TR42-DOGU MARMARA-(BOLU, DUZCE, KOCAELI, SAKARYA, YALOVA)",BOLU,KIBRISCIK,BOLU-KIBRISCIK,715
"TR42-DOGU MARMARA-(BOLU, DUZCE, KOCAELI, SAKARYA, YALOVA)",BOLU,MENGEN,BOLU-MENGEN,788
"TR42-DOGU MARMARA-(BOLU, DUZCE, KOCAELI, SAKARYA, YALOVA)",BOLU,MUDURNU,BOLU-MUDURNU,664
"TR42-DOGU MARMARA-(BOLU, DUZCE, KOCAELI, SAKARYA, YALOVA)",BOLU,SEBEN,BOLU-SEBEN,658
"TR42-DOGU MARMARA-(BOLU, DUZCE, KOCAELI, SAKARYA, YALOVA)",BOLU,YENICAGA,BOLU-YENICAGA,757
"TR42-DOGU MARMARA-(BOLU, DUZCE, KOCAELI, SAKARYA, YALOVA)",DUZCE,AKCAKOCA,DUZCE-AKCAKOCA,817
"TR42-DOGU MARMARA-(BOLU, DUZCE, KOCAELI, SAKARYA, YALOVA)",DUZCE,CILIMLI,DUZCE-CILIMLI,796
"TR42-DOGU MARMARA-(BOLU, DUZCE, KOCAELI, SAKARYA, YALOVA)",DUZCE,CUMAYERI,DUZCE-CUMAYERI,797
"TR42-DOGU MARMARA-(BOLU, DUZCE, KOCAELI, SAKARYA, YALOVA)",DUZCE,DUZCE,DUZCE-DUZCE,725
"TR42-DOGU MARMARA-(BOLU, DUZCE, KOCAELI, SAKARYA, YALOVA)",DUZCE,GOLYAKA,DUZCE-GOLYAKA,750
"TR42-DOGU MARMARA-(BOLU, DUZCE, KOCAELI, SAKARYA, YALOVA)",DUZCE,GUMUSOVA,DUZCE-GUMUSOVA,778
"TR42-DOGU MARMARA-(BOLU, DUZCE, KOCAELI, SAKARYA, YALOVA)",DUZCE,KAYNASLI,DUZCE-KAYNASLI,720
"TR42-DOGU MARMARA-(BOLU, DUZCE, KOCAELI, SAKARYA, YALOVA)",DUZCE,YIGILCA,DUZCE-YIGILCA,793
"TR42-DOGU MARMARA-(BOLU, DUZCE, KOCAELI, SAKARYA, YALOVA)",KOCAELI,BASISKELE,KOCAELI-BASISKELE,686
"TR42-DOGU MARMARA-(BOLU, DUZCE, KOCAELI, SAKARYA, YALOVA)",KOCAELI,CAYIROVA,KOCAELI-CAYIROVA,787
"TR42-DOGU MARMARA-(BOLU, DUZCE, KOCAELI, SAKARYA, YALOVA)",KOCAELI,DARICA,KOCAELI-DARICA,767
"TR42-DOGU MARMARA-(BOLU, DUZCE, KOCAELI, SAKARYA, YALOVA)",KOCAELI,DERINCE,KOCAELI-DERINCE,818
"TR42-DOGU MARMARA-(BOLU, DUZCE, KOCAELI, SAKARYA, YALOVA)",KOCAELI,DILOVASI,KOCAELI-DILOVASI,798
"TR42-DOGU MARMARA-(BOLU, DUZCE, KOCAELI, SAKARYA, YALOVA)",KOCAELI,GEBZE,KOCAELI-GEBZE,768
"TR42-DOGU MARMARA-(BOLU, DUZCE, KOCAELI, SAKARYA, YALOVA)",KOCAELI,GOLCUK,KOCAELI-GOLCUK,711
"TR42-DOGU MARMARA-(BOLU, DUZCE, KOCAELI, SAKARYA, YALOVA)",KOCAELI,IZMIT,KOCAELI-IZMIT,744
"TR42-DOGU MARMARA-(BOLU, DUZCE, KOCAELI, SAKARYA, YALOVA)",KOCAELI,KANDIRA,KOCAELI-KANDIRA,849
"TR42-DOGU MARMARA-(BOLU, DUZCE, KOCAELI, SAKARYA, YALOVA)",KOCAELI,KARAMURSEL,KOCAELI-KARAMURSEL,697
"TR42-DOGU MARMARA-(BOLU, DUZCE, KOCAELI, SAKARYA, YALOVA)",KOCAELI,KARTEPE,KOCAELI-KARTEPE,714
"TR42-DOGU MARMARA-(BOLU, DUZCE, KOCAELI, SAKARYA, YALOVA)",KOCAELI,KORFEZ,KOCAELI-KORFEZ,799
"TR42-DOGU MARMARA-(BOLU, DUZCE, KOCAELI, SAKARYA, YALOVA)",SAKARYA,ADAPAZARI,SAKARYA-ADAPAZARI,745
"TR42-DOGU MARMARA-(BOLU, DUZCE, KOCAELI, SAKARYA, YALOVA)",SAKARYA,AKYAZI,SAKARYA-AKYAZI,687
"TR42-DOGU MARMARA-(BOLU, DUZCE, KOCAELI, SAKARYA, YALOVA)",SAKARYA,ARIFIYE,SAKARYA-ARIFIYE,724
"TR42-DOGU MARMARA-(BOLU, DUZCE, KOCAELI, SAKARYA, YALOVA)",SAKARYA,ERENLER,SAKARYA-ERENLER,719
"TR42-DOGU MARMARA-(BOLU, DUZCE, KOCAELI, SAKARYA, YALOVA)",SAKARYA,FERIZLI,SAKARYA-FERIZLI,816
"TR42-DOGU MARMARA-(BOLU, DUZCE, KOCAELI, SAKARYA, YALOVA)",SAKARYA,GEYVE,SAKARYA-GEYVE,677
"TR42-DOGU MARMARA-(BOLU, DUZCE, KOCAELI, SAKARYA, YALOVA)",SAKARYA,HENDEK,SAKARYA-HENDEK,721
"TR42-DOGU MARMARA-(BOLU, DUZCE, KOCAELI, SAKARYA, YALOVA)",SAKARYA,KARAPURCEK,SAKARYA-KARAPURCEK,689
"TR42-DOGU MARMARA-(BOLU, DUZCE, KOCAELI, SAKARYA, YALOVA)",SAKARYA,KARASU,SAKARYA-KARASU,813
"TR42-DOGU MARMARA-(BOLU, DUZCE, KOCAELI, SAKARYA, YALOVA)",SAKARYA,KAYNARCA,SAKARYA-KAYNARCA,819
"TR42-DOGU MARMARA-(BOLU, DUZCE, KOCAELI, SAKARYA, YALOVA)",SAKARYA,KOCAALI,SAKARYA-KOCAALI,826
"TR42-DOGU MARMARA-(BOLU, DUZCE, KOCAELI, SAKARYA, YALOVA)",SAKARYA,PAMUKOVA,SAKARYA-PAMUKOVA,681
"TR42-DOGU MARMARA-(BOLU, DUZCE, KOCAELI, SAKARYA, YALOVA)",SAKARYA,SAPANCA,SAKARYA-SAPANCA,712
"TR42-DOGU MARMARA-(BOLU, DUZCE, KOCAELI, SAKARYA, YALOVA)",SAKARYA,SERDIVAN,SAKARYA-SERDIVAN,738
"TR42-DOGU MARMARA-(BOLU, DUZCE, KOCAELI, SAKARYA, YALOVA)",SAKARYA,SOGUTLU,SAKARYA-SOGUTLU,812
"TR42-DOGU MARMARA-(BOLU, DUZCE, KOCAELI, SAKARYA, YALOVA)",SAKARYA,TARAKLI,SAKARYA-TARAKLI,673
"TR42-DOGU MARMARA-(BOLU, DUZCE, KOCAELI, SAKARYA, YALOVA)",YALOVA,ALTINOVA,YALOVA-ALTINOVA,696
"TR42-DOGU MARMARA-(BOLU, DUZCE, KOCAELI, SAKARYA, YALOVA)",YALOVA,ARMUTLU,YALOVA-ARMUTLU,694
"TR42-DOGU MARMARA-(BOLU, DUZCE, KOCAELI, SAKARYA, YALOVA)",YALOVA,CIFTLIKKOY,YALOVA-CIFTLIKKOY,700
"TR42-DOGU MARMARA-(BOLU, DUZCE, KOCAELI, SAKARYA, YALOVA)",YALOVA,CINARCIK,YALOVA-CINARCIK,701
"TR42-DOGU MARMARA-(BOLU, DUZCE, KOCAELI, SAKARYA, YALOVA)",YALOVA,TERMAL,YALOVA-TERMAL,688
"TR42-DOGU MARMARA-(BOLU, DUZCE, KOCAELI, SAKARYA, YALOVA)",YALOVA,YALOVA,YALOVA-YALOVA,699
TR51-ANKARA-(ANKARA),ANKARA,AKYURT,ANKARA-AKYURT,607
TR51-ANKARA-(ANKARA),ANKARA,ALTINDAG,ANKARA-ALTINDAG,582
TR51-ANKARA-(ANKARA),ANKARA,AYAS,ANKARA-AYAS,620
TR51-ANKARA-(ANKARA),ANKARA,BALA,ANKARA-BALA,480
TR51-ANKARA-(ANKARA),ANKARA,BEYPAZARI,ANKARA-BEYPAZARI,572
TR51-ANKARA-(ANKARA),ANKARA,CAMLIDERE,ANKARA-CAMLIDERE,669
TR51-ANKARA-(ANKARA),ANKARA,CANKAYA,ANKARA-CANKAYA,549
TR51-ANKARA-(ANKARA),ANKARA,CUBUK,ANKARA-CUBUK,634
TR51-ANKARA-(ANKARA),ANKARA,ELMADAG,ANKARA-ELMADAG,550
TR51-ANKARA-(ANKARA),ANKARA,ETIMESGUT,ANKARA-ETIMESGUT,559
TR51-ANKARA-(ANKARA),ANKARA,EVREN,ANKARA-EVREN,441
TR51-ANKARA-(ANKARA),ANKARA,GOLBASI,ANKARA-GOLBASI,530
TR51-ANKARA-(ANKARA),ANKARA,GUDUL,ANKARA-GUDUL,637
TR51-ANKARA-(ANKARA),ANKARA,HAYMANA,ANKARA-HAYMANA,447
TR51-ANKARA-(ANKARA),ANKARA,KAHRAMANKAZAN,ANKARA-KAHRAMANKAZAN,618
TR51-ANKARA-(ANKARA),ANKARA,KALECIK,ANKARA-KALECIK,603
TR51-ANKARA-(ANKARA),ANKARA,KECIOREN,ANKARA-KECIOREN,601
TR51-ANKARA-(ANKARA),ANKARA,KIZILCAHAMAM,ANKARA-KIZILCAHAMAM,644
TR51-ANKARA-(ANKARA),ANKARA,MAMAK,ANKARA-MAMAK,581
TR51-ANKARA-(ANKARA),ANKARA,NALLIHAN,ANKARA-NALLIHAN,655
TR51-ANKARA-(ANKARA),ANKARA,POLATLI,ANKARA-POLATLI,518
TR51-ANKARA-(ANKARA),ANKARA,PURSAKLAR,ANKARA-PURSAKLAR,608
TR51-ANKARA-(ANKARA),ANKARA,SEREFLIKOCHISAR,ANKARA-SEREFLIKOCHISAR,466
TR51-ANKARA-(ANKARA),ANKARA,SINCAN,ANKARA-SINCAN,529
TR51-ANKARA-(ANKARA),ANKARA,YENIMAHALLE,ANKARA-YENIMAHALLE,583
"TR52-MEVLANA-(KARAMAN, KONYA)",KARAMAN,AYRANCI,KARAMAN-AYRANCI,124
"TR52-MEVLANA-(KARAMAN, KONYA)",KARAMAN,BASYAYLA,KARAMAN-BASYAYLA,27
"TR52-MEVLANA-(KARAMAN, KONYA)",KARAMAN,ERMENEK,KARAMAN-ERMENEK,24
"TR52-MEVLANA-(KARAMAN, KONYA)",KARAMAN,KARAMAN,KARAMAN-KARAMAN,51
"TR52-MEVLANA-(KARAMAN, KONYA)",KARAMAN,KAZIMKARABEKIR,KARAMAN-KAZIMKARABEKIR,127
"TR52-MEVLANA-(KARAMAN, KONYA)",KARAMAN,SARIVELILER,KARAMAN-SARIVELILER,22
"TR52-MEVLANA-(KARAMAN, KONYA)",KONYA,AHIRLI,KONYA-AHIRLI,90
"TR52-MEVLANA-(KARAMAN, KONYA)",KONYA,AKOREN,KONYA-AKOREN,140
"TR52-MEVLANA-(KARAMAN, KONYA)",KONYA,AKSEHIR,KONYA-AKSEHIR,294
"TR52-MEVLANA-(KARAMAN, KONYA)",KONYA,ALTINEKIN,KONYA-ALTINEKIN,281
"TR52-MEVLANA-(KARAMAN, KONYA)",KONYA,BEYSEHIR,KONYA-BEYSEHIR,165
"TR52-MEVLANA-(KARAMAN, KONYA)",KONYA,BOZKIR,KONYA-BOZKIR,92
"TR52-MEVLANA-(KARAMAN, KONYA)",KONYA,CELTIK,KONYA-CELTIK,432
"TR52-MEVLANA-(KARAMAN, KONYA)",KONYA,CIHANBEYLI,KONYA-CIHANBEYLI,348
"TR52-MEVLANA-(KARAMAN, KONYA)",KONYA,CUMRA,KONYA-CUMRA,123
"TR52-MEVLANA-(KARAMAN, KONYA)",KONYA,DERBENT,KONYA-DERBENT,233
"TR52-MEVLANA-(KARAMAN, KONYA)",KONYA,DEREBUCAK,KONYA-DEREBUCAK,147
"TR52-MEVLANA-(KARAMAN, KONYA)",KONYA,DOGANHISAR,KONYA-DOGANHISAR,267
"TR52-MEVLANA-(KARAMAN, KONYA)",KONYA,EMIRGAZI,KONYA-EMIRGAZI,243
"TR52-MEVLANA-(KARAMAN, KONYA)",KONYA,EREGLI,KONYA-EREGLI,161
"TR52-MEVLANA-(KARAMAN, KONYA)",KONYA,GUNEYSINIR,KONYA-GUNEYSINIR,88
"TR52-MEVLANA-(KARAMAN, KONYA)",KONYA,HADIM,KONYA-HADIM,32
"TR52-MEVLANA-(KARAMAN, KONYA)",KONYA,HALKAPINAR,KONYA-HALKAPINAR,110
"TR52-MEVLANA-(KARAMAN, KONYA)",KONYA,HUYUK,KONYA-HUYUK,247
"TR52-MEVLANA-(KARAMAN, KONYA)",KONYA,ILGIN,KONYA-ILGIN,248
"TR52-MEVLANA-(KARAMAN, KONYA)",KONYA,KADINHANI,KONYA-KADINHANI,284
"TR52-MEVLANA-(KARAMAN, KONYA)",KONYA,KARAPINAR,KONYA-KARAPINAR,164
"TR52-MEVLANA-(KARAMAN, KONYA)",KONYA,KARATAY,KONYA-KARATAY,210
"TR52-MEVLANA-(KARAMAN, KONYA)",KONYA,KULU,KONYA-KULU,442
"TR52-MEVLANA-(KARAMAN, KONYA)",KONYA,MERAM,KONYA-MERAM,175
"TR52-MEVLANA-(KARAMAN, KONYA)",KONYA,SARAYONU,KONYA-SARAYONU,320
"TR52-MEVLANA-(KARAMAN, KONYA)",KONYA,SELCUKLU,KONYA-SELCUKLU,237
"TR52-MEVLANA-(KARAMAN, KONYA)",KONYA,SEYDISEHIR,KONYA-SEYDISEHIR,118
"TR52-MEVLANA-(KARAMAN, KONYA)",KONYA,TASKENT,KONYA-TASKENT,33
"TR52-MEVLANA-(KARAMAN, KONYA)",KONYA,TUZLUKCU,KONYA-TUZLUKCU,356
"TR52-MEVLANA-(KARAMAN, KONYA)",KONYA,YALIHUYUK,KONYA-YALIHUYUK,136
"TR52-MEVLANA-(KARAMAN, KONYA)",KONYA,YUNAK,KONYA-YUNAK,373
"TR61-BATI KARADENIZ-(ANTALYA, BURDUR, ISPARTA)",ANTALYA,AKSEKI,ANTALYA-AKSEKI,73
"TR61-BATI KARADENIZ-(ANTALYA, BURDUR, ISPARTA)",ANTALYA,AKSU,ANTALYA-AKSU,65
"TR61-BATI KARADENIZ-(ANTALYA, BURDUR, ISPARTA)",ANTALYA,ALANYA,ANTALYA-ALANYA,37
"TR61-BATI KARADENIZ-(ANTALYA, BURDUR, ISPARTA)",ANTALYA,DEMRE,ANTALYA-DEMRE,11
"TR61-BATI KARADENIZ-(ANTALYA, BURDUR, ISPARTA)",ANTALYA,DOSEMEALTI,ANTALYA-DOSEMEALTI,72
"TR61-BATI KARADENIZ-(ANTALYA, BURDUR, ISPARTA)",ANTALYA,ELMALI,ANTALYA-ELMALI,23
"TR61-BATI KARADENIZ-(ANTALYA, BURDUR, ISPARTA)",ANTALYA,FINIKE,ANTALYA-FINIKE,12
"TR61-BATI KARADENIZ-(ANTALYA, BURDUR, ISPARTA)",ANTALYA,GAZIPASA,ANTALYA-GAZIPASA,18
"TR61-BATI KARADENIZ-(ANTALYA, BURDUR, ISPARTA)",ANTALYA,GUNDOGMUS,ANTALYA-GUNDOGMUS,36
"TR61-BATI KARADENIZ-(ANTALYA, BURDUR, ISPARTA)",ANTALYA,IBRADI,ANTALYA-IBRADI,131
"TR61-BATI KARADENIZ-(ANTALYA, BURDUR, ISPARTA)",ANTALYA,KAS,ANTALYA-KAS,10
"TR61-BATI KARADENIZ-(ANTALYA, BURDUR, ISPARTA)",ANTALYA,KEMER,ANTALYA-KEMER,25
"TR61-BATI KARADENIZ-(ANTALYA, BURDUR, ISPARTA)",ANTALYA,KEPEZ,ANTALYA-KEPEZ,66
"TR61-BATI KARADENIZ-(ANTALYA, BURDUR, ISPARTA)",ANTALYA,KONYAALTI,ANTALYA-KONYAALTI,31
"TR61-BATI KARADENIZ-(ANTALYA, BURDUR, ISPARTA)",ANTALYA,KORKUTELI,ANTALYA-KORKUTELI,49
"TR61-BATI KARADENIZ-(ANTALYA, BURDUR, ISPARTA)",ANTALYA,KUMLUCA,ANTALYA-KUMLUCA,21
"TR61-BATI KARADENIZ-(ANTALYA, BURDUR, ISPARTA)",ANTALYA,MANAVGAT,ANTALYA-MANAVGAT,74
"TR61-BATI KARADENIZ-(ANTALYA, BURDUR, ISPARTA)",ANTALYA,MURATPASA,ANTALYA-MURATPASA,64
"TR61-BATI KARADENIZ-(ANTALYA, BURDUR, ISPARTA)",ANTALYA,SERIK,ANTALYA-SERIK,106
"TR61-BATI KARADENIZ-(ANTALYA, BURDUR, ISPARTA)",BURDUR,AGLASUN,BURDUR-AGLASUN,176
"TR61-BATI KARADENIZ-(ANTALYA, BURDUR, ISPARTA)",BURDUR,ALTINYAYLA,BURDUR-ALTINYAYLA,77
"TR61-BATI KARADENIZ-(ANTALYA, BURDUR, ISPARTA)",BURDUR,BUCAK,BURDUR-BUCAK,107
"TR61-BATI KARADENIZ-(ANTALYA, BURDUR, ISPARTA)",BURDUR,BURDUR,BURDUR-BURDUR,153
"TR61-BATI KARADENIZ-(ANTALYA, BURDUR, ISPARTA)",BURDUR,CAVDIR,BURDUR-CAVDIR,83
"TR61-BATI KARADENIZ-(ANTALYA, BURDUR, ISPARTA)",BURDUR,CELTIKCI,BURDUR-CELTIKCI,172
"TR61-BATI KARADENIZ-(ANTALYA, BURDUR, ISPARTA)",BURDUR,GOLHISAR,BURDUR-GOLHISAR,84
"TR61-BATI KARADENIZ-(ANTALYA, BURDUR, ISPARTA)",BURDUR,KARAMANLI,BURDUR-KARAMANLI,122
"TR61-BATI KARADENIZ-(ANTALYA, BURDUR, ISPARTA)",BURDUR,KEMER,BURDUR-KEMER,113
"TR61-BATI KARADENIZ-(ANTALYA, BURDUR, ISPARTA)",BURDUR,TEFENNI,BURDUR-TEFENNI,100
"TR61-BATI KARADENIZ-(ANTALYA, BURDUR, ISPARTA)",BURDUR,YESILOVA,BURDUR-YESILOVA,146
"TR61-BATI KARADENIZ-(ANTALYA, BURDUR, ISPARTA)",ISPARTA,AKSU,ISPARTA-AKSU,188
"TR61-BATI KARADENIZ-(ANTALYA, BURDUR, ISPARTA)",ISPARTA,ATABEY,ISPARTA-ATABEY,238
"TR61-BATI KARADENIZ-(ANTALYA, BURDUR, ISPARTA)",ISPARTA,EGIRDIR,ISPARTA-EGIRDIR,169
"TR61-BATI KARADENIZ-(ANTALYA, BURDUR, ISPARTA)",ISPARTA,GELENDOST,ISPARTA-GELENDOST,244
"TR61-BATI KARADENIZ-(ANTALYA, BURDUR, ISPARTA)",ISPARTA,GONEN,ISPARTA-GONEN,223
"TR61-BATI KARADENIZ-(ANTALYA, BURDUR, ISPARTA)",ISPARTA,ISPARTA,ISPARTA-ISPARTA,194
"TR61-BATI KARADENIZ-(ANTALYA, BURDUR, ISPARTA)",ISPARTA,KECIBORLU,ISPARTA-KECIBORLU,222
"TR61-BATI KARADENIZ-(ANTALYA, BURDUR, ISPARTA)",ISPARTA,SARKIKARAAGAC,ISPARTA-SARKIKARAAGAC,231
"TR61-BATI KARADENIZ-(ANTALYA, BURDUR, ISPARTA)",ISPARTA,SENIRKENT,ISPARTA-SENIRKENT,274
"TR61-BATI KARADENIZ-(ANTALYA, BURDUR, ISPARTA)",ISPARTA,SUTCULER,ISPARTA-SUTCULER,132
"TR61-BATI KARADENIZ-(ANTALYA, BURDUR, ISPARTA)",ISPARTA,ULUBORLU,ISPARTA-ULUBORLU,260
"TR61-BATI KARADENIZ-(ANTALYA, BURDUR, ISPARTA)",ISPARTA,YALVAC,ISPARTA-YALVAC,288
"TR61-BATI KARADENIZ-(ANTALYA, BURDUR, ISPARTA)",ISPARTA,YENISARBADEMLI,ISPARTA-YENISARBADEMLI,216
"TR62-CUKUROVA-(ADANA, MERSIN)",ADANA,ALADAG,ADANA-ALADAG,149
"TR62-CUKUROVA-(ADANA, MERSIN)",ADANA,CEYHAN,ADANA-CEYHAN,61
"TR62-CUKUROVA-(ADANA, MERSIN)",ADANA,CUKUROVA,ADANA-CUKUROVA,86
"TR62-CUKUROVA-(ADANA, MERSIN)",ADANA,FEKE,ADANA-FEKE,275
"TR62-CUKUROVA-(ADANA, MERSIN)",ADANA,IMAMOGLU,ADANA-IMAMOGLU,108
"TR62-CUKUROVA-(ADANA, MERSIN)",ADANA,KARAISALI,ADANA-KARAISALI,99
"TR62-CUKUROVA-(ADANA, MERSIN)",ADANA,KARATAS,ADANA-KARATAS,41
"TR62-CUKUROVA-(ADANA, MERSIN)",ADANA,KOZAN,ADANA-KOZAN,120
"TR62-CUKUROVA-(ADANA, MERSIN)",ADANA,POZANTI,ADANA-POZANTI,154
"TR62-CUKUROVA-(ADANA, MERSIN)",ADANA,SAIMBEYLI,ADANA-SAIMBEYLI,205
"TR62-CUKUROVA-(ADANA, MERSIN)",ADANA,SARICAM,ADANA-SARICAM,85
"TR62-CUKUROVA-(ADANA, MERSIN)",ADANA,SEYHAN,ADANA-SEYHAN,45
"TR62-CUKUROVA-(ADANA, MERSIN)",ADANA,TUFANBEYLI,ADANA-TUFANBEYLI,287
"TR62-CUKUROVA-(ADANA, MERSIN)",ADANA,YUMURTALIK,ADANA-YUMURTALIK,53
"TR62-CUKUROVA-(ADANA, MERSIN)",ADANA,YUREGIR,ADANA-YUREGIR,40
"TR62-CUKUROVA-(ADANA, MERSIN)",MERSIN,AKDENIZ,MERSIN-AKDENIZ,39
"TR62-CUKUROVA-(ADANA, MERSIN)",MERSIN,ANAMUR,MERSIN-ANAMUR,17
"TR62-CUKUROVA-(ADANA, MERSIN)",MERSIN,AYDINCIK,MERSIN-AYDINCIK,6
"TR62-CUKUROVA-(ADANA, MERSIN)",MERSIN,BOZYAZI,MERSIN-BOZYAZI,5
"TR62-CUKUROVA-(ADANA, MERSIN)",MERSIN,CAMLIYAYLA,MERSIN-CAMLIYAYLA,104
"TR62-CUKUROVA-(ADANA, MERSIN)",MERSIN,ERDEMLI,MERSIN-ERDEMLI,76
"TR62-CUKUROVA-(ADANA, MERSIN)",MERSIN,GULNAR,MERSIN-GULNAR,7
"TR62-CUKUROVA-(ADANA, MERSIN)",MERSIN,MEZITLI,MERSIN-MEZITLI,67
"TR62-CUKUROVA-(ADANA, MERSIN)",MERSIN,MUT,MERSIN-MUT,19
"TR62-CUKUROVA-(ADANA, MERSIN)",MERSIN,SILIFKE,MERSIN-SILIFKE,16
"TR62-CUKUROVA-(ADANA, MERSIN)",MERSIN,TARSUS,MERSIN-TARSUS,44
"TR62-CUKUROVA-(ADANA, MERSIN)",MERSIN,TOROSLAR,MERSIN-TOROSLAR,69
"TR62-CUKUROVA-(ADANA, MERSIN)",MERSIN,YENISEHIR,MERSIN-YENISEHIR,38
"TR63-DOGU AKDENIZ-(HATAY, KAHRAMANMARAS, OSMANIYE)",HATAY,ALTINOZU,HATAY-ALTINOZU,3
"TR63-DOGU AKDENIZ-(HATAY, KAHRAMANMARAS, OSMANIYE)",HATAY,ANTAKYA,HATAY-ANTAKYA,4
"TR63-DOGU AKDENIZ-(HATAY, KAHRAMANMARAS, OSMANIYE)",HATAY,ARSUZ,HATAY-ARSUZ,14
"TR63-DOGU AKDENIZ-(HATAY, KAHRAMANMARAS, OSMANIYE)",HATAY,BELEN,HATAY-BELEN,15
"TR63-DOGU AKDENIZ-(HATAY, KAHRAMANMARAS, OSMANIYE)",HATAY,DEFNE,HATAY-DEFNE,1
"TR63-DOGU AKDENIZ-(HATAY, KAHRAMANMARAS, OSMANIYE)",HATAY,DORTYOL,HATAY-DORTYOL,46
"TR63-DOGU AKDENIZ-(HATAY, KAHRAMANMARAS, OSMANIYE)",HATAY,ERZIN,HATAY-ERZIN,68
"TR63-DOGU AKDENIZ-(HATAY, KAHRAMANMARAS, OSMANIYE)",HATAY,HASSA,HATAY-HASSA,26
"TR63-DOGU AKDENIZ-(HATAY, KAHRAMANMARAS, OSMANIYE)",HATAY,ISKENDERUN,HATAY-ISKENDERUN,20
"TR63-DOGU AKDENIZ-(HATAY, KAHRAMANMARAS, OSMANIYE)",HATAY,KIRIKHAN,HATAY-KIRIKHAN,13
"TR63-DOGU AKDENIZ-(HATAY, KAHRAMANMARAS, OSMANIYE)",HATAY,KUMLU,HATAY-KUMLU,9
"TR63-DOGU AKDENIZ-(HATAY, KAHRAMANMARAS, OSMANIYE)",HATAY,PAYAS,HATAY-PAYAS,28
"TR63-DOGU AKDENIZ-(HATAY, KAHRAMANMARAS, OSMANIYE)",HATAY,REYHANLI,HATAY-REYHANLI,8
"TR63-DOGU AKDENIZ-(HATAY, KAHRAMANMARAS, OSMANIYE)",HATAY,SAMANDAG,HATAY-SAMANDAG,966
"TR63-DOGU AKDENIZ-(HATAY, KAHRAMANMARAS, OSMANIYE)",HATAY,YAYLADAGI,HATAY-YAYLADAGI,2
"TR63-DOGU AKDENIZ-(HATAY, KAHRAMANMARAS, OSMANIYE)",KAHRAMANMARAS,AFSIN,KAHRAMANMARAS-AFSIN,305
"TR63-DOGU AKDENIZ-(HATAY, KAHRAMANMARAS, OSMANIYE)",KAHRAMANMARAS,ANDIRIN,KAHRAMANMARAS-ANDIRIN,196
"TR63-DOGU AKDENIZ-(HATAY, KAHRAMANMARAS, OSMANIYE)",KAHRAMANMARAS,CAGLAYANCERIT,KAHRAMANMARAS-CAGLAYANCERIT,192
"TR63-DOGU AKDENIZ-(HATAY, KAHRAMANMARAS, OSMANIYE)",KAHRAMANMARAS,DULKADIROGLU,KAHRAMANMARAS-DULKADIROGLU,152
"TR63-DOGU AKDENIZ-(HATAY, KAHRAMANMARAS, OSMANIYE)",KAHRAMANMARAS,EKINOZU,KAHRAMANMARAS-EKINOZU,219
"TR63-DOGU AKDENIZ-(HATAY, KAHRAMANMARAS, OSMANIYE)",KAHRAMANMARAS,ELBISTAN,KAHRAMANMARAS-ELBISTAN,272
"TR63-DOGU AKDENIZ-(HATAY, KAHRAMANMARAS, OSMANIYE)",KAHRAMANMARAS,GOKSUN,KAHRAMANMARAS-GOKSUN,225
"TR63-DOGU AKDENIZ-(HATAY, KAHRAMANMARAS, OSMANIYE)",KAHRAMANMARAS,NURHAK,KAHRAMANMARAS-NURHAK,217
"TR63-DOGU AKDENIZ-(HATAY, KAHRAMANMARAS, OSMANIYE)",KAHRAMANMARAS,ONIKISUBAT,KAHRAMANMARAS-ONIKISUBAT,145
"TR63-DOGU AKDENIZ-(HATAY, KAHRAMANMARAS, OSMANIYE)",KAHRAMANMARAS,PAZARCIK,KAHRAMANMARAS-PAZARCIK,130
"TR63-DOGU AKDENIZ-(HATAY, KAHRAMANMARAS, OSMANIYE)",KAHRAMANMARAS,TURKOGLU,KAHRAMANMARAS-TURKOGLU,121
"TR63-DOGU AKDENIZ-(HATAY, KAHRAMANMARAS, OSMANIYE)",OSMANIYE,BAHCE,OSMANIYE-BAHCE,105
"TR63-DOGU AKDENIZ-(HATAY, KAHRAMANMARAS, OSMANIYE)",OSMANIYE,DUZICI,OSMANIYE-DUZICI,101
"TR63-DOGU AKDENIZ-(HATAY, KAHRAMANMARAS, OSMANIYE)",OSMANIYE,HASANBEYLI,OSMANIYE-HASANBEYLI,96
"TR63-DOGU AKDENIZ-(HATAY, KAHRAMANMARAS, OSMANIYE)",OSMANIYE,KADIRLI,OSMANIYE-KADIRLI,112
"TR63-DOGU AKDENIZ-(HATAY, KAHRAMANMARAS, OSMANIYE)",OSMANIYE,OSMANIYE,OSMANIYE-OSMANIYE,111
"TR63-DOGU AKDENIZ-(HATAY, KAHRAMANMARAS, OSMANIYE)",OSMANIYE,SUMBAS,OSMANIYE-SUMBAS,973
"TR63-DOGU AKDENIZ-(HATAY, KAHRAMANMARAS, OSMANIYE)",OSMANIYE,TOPRAKKALE,OSMANIYE-TOPRAKKALE,972
"TR71-AHILER-(AKSARAY, KIRIKKALE, KIRSEHIR, NIGDE, NEVSEHIR)",AKSARAY,AGACOREN,AKSARAY-AGACOREN,394
"TR71-AHILER-(AKSARAY, KIRIKKALE, KIRSEHIR, NIGDE, NEVSEHIR)",AKSARAY,AKSARAY,AKSARAY-AKSARAY,269
"TR71-AHILER-(AKSARAY, KIRIKKALE, KIRSEHIR, NIGDE, NEVSEHIR)",AKSARAY,ESKIL,AKSARAY-ESKIL,256
"TR71-AHILER-(AKSARAY, KIRIKKALE, KIRSEHIR, NIGDE, NEVSEHIR)",AKSARAY,GULAGAC,AKSARAY-GULAGAC,326
"TR71-AHILER-(AKSARAY, KIRIKKALE, KIRSEHIR, NIGDE, NEVSEHIR)",AKSARAY,GUZELYURT,AKSARAY-GUZELYURT,302
"TR71-AHILER-(AKSARAY, KIRIKKALE, KIRSEHIR, NIGDE, NEVSEHIR)",AKSARAY,ORTAKOY,AKSARAY-ORTAKOY,391
"TR71-AHILER-(AKSARAY, KIRIKKALE, KIRSEHIR, NIGDE, NEVSEHIR)",AKSARAY,SARIYAHSI,AKSARAY-SARIYAHSI,435
"TR71-AHILER-(AKSARAY, KIRIKKALE, KIRSEHIR, NIGDE, NEVSEHIR)",AKSARAY,SULTANHANI,AKSARAY-SULTANHANI,961
"TR71-AHILER-(AKSARAY, KIRIKKALE, KIRSEHIR, NIGDE, NEVSEHIR)",KIRIKKALE,BAHSILI,KIRIKKALE-BAHSILI,534
"TR71-AHILER-(AKSARAY, KIRIKKALE, KIRSEHIR, NIGDE, NEVSEHIR)",KIRIKKALE,BALISEYH,KIRIKKALE-BALISEYH,564
"TR71-AHILER-(AKSARAY, KIRIKKALE, KIRSEHIR, NIGDE, NEVSEHIR)",KIRIKKALE,CELEBI,KIRIKKALE-CELEBI,505
"TR71-AHILER-(AKSARAY, KIRIKKALE, KIRSEHIR, NIGDE, NEVSEHIR)",KIRIKKALE,DELICE,KIRIKKALE-DELICE,552
"TR71-AHILER-(AKSARAY, KIRIKKALE, KIRSEHIR, NIGDE, NEVSEHIR)",KIRIKKALE,KARAKECILI,KIRIKKALE-KARAKECILI,524
"TR71-AHILER-(AKSARAY, KIRIKKALE, KIRSEHIR, NIGDE, NEVSEHIR)",KIRIKKALE,KESKIN,KIRIKKALE-KESKIN,509
"TR71-AHILER-(AKSARAY, KIRIKKALE, KIRSEHIR, NIGDE, NEVSEHIR)",KIRIKKALE,KIRIKKALE,KIRIKKALE-KIRIKKALE,562
"TR71-AHILER-(AKSARAY, KIRIKKALE, KIRSEHIR, NIGDE, NEVSEHIR)",KIRIKKALE,SULAKYURT,KIRIKKALE-SULAKYURT,614
"TR71-AHILER-(AKSARAY, KIRIKKALE, KIRSEHIR, NIGDE, NEVSEHIR)",KIRIKKALE,YAHSIHAN,KIRIKKALE-YAHSIHAN,567
"TR71-AHILER-(AKSARAY, KIRIKKALE, KIRSEHIR, NIGDE, NEVSEHIR)",KIRSEHIR,AKCAKENT,KIRSEHIR-AKCAKENT,516
"TR71-AHILER-(AKSARAY, KIRIKKALE, KIRSEHIR, NIGDE, NEVSEHIR)",KIRSEHIR,AKPINAR,KIRSEHIR-AKPINAR,510
"TR71-AHILER-(AKSARAY, KIRIKKALE, KIRSEHIR, NIGDE, NEVSEHIR)",KIRSEHIR,BOZTEPE,KIRSEHIR-BOZTEPE,484
"TR71-AHILER-(AKSARAY, KIRIKKALE, KIRSEHIR, NIGDE, NEVSEHIR)",KIRSEHIR,CICEKDAGI,KIRSEHIR-CICEKDAGI,501
"TR71-AHILER-(AKSARAY, KIRIKKALE, KIRSEHIR, NIGDE, NEVSEHIR)",KIRSEHIR,KAMAN,KIRSEHIR-KAMAN,481
"TR71-AHILER-(AKSARAY, KIRIKKALE, KIRSEHIR, NIGDE, NEVSEHIR)",KIRSEHIR,KIRSEHIR,KIRSEHIR-KIRSEHIR,411
"TR71-AHILER-(AKSARAY, KIRIKKALE, KIRSEHIR, NIGDE, NEVSEHIR)",KIRSEHIR,MUCUR,KIRSEHIR-MUCUR,419
"TR71-AHILER-(AKSARAY, KIRIKKALE, KIRSEHIR, NIGDE, NEVSEHIR)",NEVSEHIR,ACIGOL,NEVSEHIR-ACIGOL,327
"TR71-AHILER-(AKSARAY, KIRIKKALE, KIRSEHIR, NIGDE, NEVSEHIR)",NEVSEHIR,AVANOS,NEVSEHIR-AVANOS,393
"TR71-AHILER-(AKSARAY, KIRIKKALE, KIRSEHIR, NIGDE, NEVSEHIR)",NEVSEHIR,DERINKUYU,NEVSEHIR-DERINKUYU,325
"TR71-AHILER-(AKSARAY, KIRIKKALE, KIRSEHIR, NIGDE, NEVSEHIR)",NEVSEHIR,GULSEHIR,NEVSEHIR-GULSEHIR,387
"TR71-AHILER-(AKSARAY, KIRIKKALE, KIRSEHIR, NIGDE, NEVSEHIR)",NEVSEHIR,HACIBEKTAS,NEVSEHIR-HACIBEKTAS,418
"TR71-AHILER-(AKSARAY, KIRIKKALE, KIRSEHIR, NIGDE, NEVSEHIR)",NEVSEHIR,KOZAKLI,NEVSEHIR-KOZAKLI,454
"TR71-AHILER-(AKSARAY, KIRIKKALE, KIRSEHIR, NIGDE, NEVSEHIR)",NEVSEHIR,NEVSEHIR,NEVSEHIR-NEVSEHIR,360
"TR71-AHILER-(AKSARAY, KIRIKKALE, KIRSEHIR, NIGDE, NEVSEHIR)",NEVSEHIR,URGUP,NEVSEHIR-URGUP,361
"TR71-AHILER-(AKSARAY, KIRIKKALE, KIRSEHIR, NIGDE, NEVSEHIR)",NIGDE,ALTUNHISAR,NIGDE-ALTUNHISAR,259
"TR71-AHILER-(AKSARAY, KIRIKKALE, KIRSEHIR, NIGDE, NEVSEHIR)",NIGDE,BOR,NIGDE-BOR,195
"TR71-AHILER-(AKSARAY, KIRIKKALE, KIRSEHIR, NIGDE, NEVSEHIR)",NIGDE,CAMARDI,NIGDE-CAMARDI,193
"TR71-AHILER-(AKSARAY, KIRIKKALE, KIRSEHIR, NIGDE, NEVSEHIR)",NIGDE,CIFTLIK,NIGDE-CIFTLIK,278
"TR71-AHILER-(AKSARAY, KIRIKKALE, KIRSEHIR, NIGDE, NEVSEHIR)",NIGDE,NIGDE,NIGDE-NIGDE,255
"TR71-AHILER-(AKSARAY, KIRIKKALE, KIRSEHIR, NIGDE, NEVSEHIR)",NIGDE,ULUKISLA,NIGDE-ULUKISLA,160
"TR72-ORTA ANADOLU-(KAYSERI, SIVAS, YOZGAT)",KAYSERI,AKKISLA,KAYSERI-AKKISLA,434
"TR72-ORTA ANADOLU-(KAYSERI, SIVAS, YOZGAT)",KAYSERI,BUNYAN,KAYSERI-BUNYAN,375
"TR72-ORTA ANADOLU-(KAYSERI, SIVAS, YOZGAT)",KAYSERI,DEVELI,KAYSERI-DEVELI,286
"TR72-ORTA ANADOLU-(KAYSERI, SIVAS, YOZGAT)",KAYSERI,FELAHIYE,KAYSERI-FELAHIYE,449
"TR72-ORTA ANADOLU-(KAYSERI, SIVAS, YOZGAT)",KAYSERI,HACILAR,KAYSERI-HACILAR,352
"TR72-ORTA ANADOLU-(KAYSERI, SIVAS, YOZGAT)",KAYSERI,INCESU,KAYSERI-INCESU,355
"TR72-ORTA ANADOLU-(KAYSERI, SIVAS, YOZGAT)",KAYSERI,KOCASINAN,KAYSERI-KOCASINAN,408
"TR72-ORTA ANADOLU-(KAYSERI, SIVAS, YOZGAT)",KAYSERI,MELIKGAZI,KAYSERI-MELIKGAZI,351
"TR72-ORTA ANADOLU-(KAYSERI, SIVAS, YOZGAT)",KAYSERI,OZVATAN,KAYSERI-OZVATAN,438
"TR72-ORTA ANADOLU-(KAYSERI, SIVAS, YOZGAT)",KAYSERI,PINARBASI,KAYSERI-PINARBASI,371
"TR72-ORTA ANADOLU-(KAYSERI, SIVAS, YOZGAT)",KAYSERI,SARIOGLAN,KAYSERI-SARIOGLAN,439
"TR72-ORTA ANADOLU-(KAYSERI, SIVAS, YOZGAT)",KAYSERI,SARIZ,KAYSERI-SARIZ,344
"TR72-ORTA ANADOLU-(KAYSERI, SIVAS, YOZGAT)",KAYSERI,TALAS,KAYSERI-TALAS,350
"TR72-ORTA ANADOLU-(KAYSERI, SIVAS, YOZGAT)",KAYSERI,TOMARZA,KAYSERI-TOMARZA,345
"TR72-ORTA ANADOLU-(KAYSERI, SIVAS, YOZGAT)",KAYSERI,YAHYALI,KAYSERI-YAHYALI,265
"TR72-ORTA ANADOLU-(KAYSERI, SIVAS, YOZGAT)",KAYSERI,YESILHISAR,KAYSERI-YESILHISAR,298
"TR72-ORTA ANADOLU-(KAYSERI, SIVAS, YOZGAT)",SIVAS,AKINCILAR,SIVAS-AKINCILAR,590
"TR72-ORTA ANADOLU-(KAYSERI, SIVAS, YOZGAT)",SIVAS,ALTINYAYLA,SIVAS-ALTINYAYLA,456
"TR72-ORTA ANADOLU-(KAYSERI, SIVAS, YOZGAT)",SIVAS,DIVRIGI,SIVAS-DIVRIGI,451
"TR72-ORTA ANADOLU-(KAYSERI, SIVAS, YOZGAT)",SIVAS,DOGANSAR,SIVAS-DOGANSAR,630
"TR72-ORTA ANADOLU-(KAYSERI, SIVAS, YOZGAT)",SIVAS,GEMEREK,SIVAS-GEMEREK,458
"TR72-ORTA ANADOLU-(KAYSERI, SIVAS, YOZGAT)",SIVAS,GOLOVA,SIVAS-GOLOVA,627
"TR72-ORTA ANADOLU-(KAYSERI, SIVAS, YOZGAT)",SIVAS,GURUN,SIVAS-GURUN,383
"TR72-ORTA ANADOLU-(KAYSERI, SIVAS, YOZGAT)",SIVAS,HAFIK,SIVAS-HAFIK,520
"TR72-ORTA ANADOLU-(KAYSERI, SIVAS, YOZGAT)",SIVAS,IMRANLI,SIVAS-IMRANLI,537
"TR72-ORTA ANADOLU-(KAYSERI, SIVAS, YOZGAT)",SIVAS,KANGAL,SIVAS-KANGAL,437
"TR72-ORTA ANADOLU-(KAYSERI, SIVAS, YOZGAT)",SIVAS,KOYULHISAR,SIVAS-KOYULHISAR,638
"TR72-ORTA ANADOLU-(KAYSERI, SIVAS, YOZGAT)",SIVAS,SARKISLA,SIVAS-SARKISLA,464
"TR72-ORTA ANADOLU-(KAYSERI, SIVAS, YOZGAT)",SIVAS,SIVAS,SIVAS-SIVAS,499
"TR72-ORTA ANADOLU-(KAYSERI, SIVAS, YOZGAT)",SIVAS,SUSEHRI,SIVAS-SUSEHRI,593
"TR72-ORTA ANADOLU-(KAYSERI, SIVAS, YOZGAT)",SIVAS,ULAS,SIVAS-ULAS,500
"TR72-ORTA ANADOLU-(KAYSERI, SIVAS, YOZGAT)",SIVAS,YILDIZELI,SIVAS-YILDIZELI,546
"TR72-ORTA ANADOLU-(KAYSERI, SIVAS, YOZGAT)",SIVAS,ZARA,SIVAS-ZARA,508
"TR72-ORTA ANADOLU-(KAYSERI, SIVAS, YOZGAT)",YOZGAT,AKDAGMADENI,YOZGAT-AKDAGMADENI,511
"TR72-ORTA ANADOLU-(KAYSERI, SIVAS, YOZGAT)",YOZGAT,AYDINCIK,YOZGAT-AYDINCIK,615
"TR72-ORTA ANADOLU-(KAYSERI, SIVAS, YOZGAT)",YOZGAT,BOGAZLIYAN,YOZGAT-BOGAZLIYAN,440
"TR72-ORTA ANADOLU-(KAYSERI, SIVAS, YOZGAT)",YOZGAT,CANDIR,YOZGAT-CANDIR,471
"TR72-ORTA ANADOLU-(KAYSERI, SIVAS, YOZGAT)",YOZGAT,CAYIRALAN,YOZGAT-CAYIRALAN,476
"TR72-ORTA ANADOLU-(KAYSERI, SIVAS, YOZGAT)",YOZGAT,CEKEREK,YOZGAT-CEKEREK,575
"TR72-ORTA ANADOLU-(KAYSERI, SIVAS, YOZGAT)",YOZGAT,KADISEHRI,YOZGAT-KADISEHRI,578
"TR72-ORTA ANADOLU-(KAYSERI, SIVAS, YOZGAT)",YOZGAT,SARAYKENT,YOZGAT-SARAYKENT,531
"TR72-ORTA ANADOLU-(KAYSERI, SIVAS, YOZGAT)",YOZGAT,SARIKAYA,YOZGAT-SARIKAYA,490
"TR72-ORTA ANADOLU-(KAYSERI, SIVAS, YOZGAT)",YOZGAT,SEFAATLI,YOZGAT-SEFAATLI,488
"TR72-ORTA ANADOLU-(KAYSERI, SIVAS, YOZGAT)",YOZGAT,SORGUN,YOZGAT-SORGUN,532
"TR72-ORTA ANADOLU-(KAYSERI, SIVAS, YOZGAT)",YOZGAT,YENIFAKILI,YOZGAT-YENIFAKILI,455
"TR72-ORTA ANADOLU-(KAYSERI, SIVAS, YOZGAT)",YOZGAT,YERKOY,YOZGAT-YERKOY,527
"TR72-ORTA ANADOLU-(KAYSERI, SIVAS, YOZGAT)",YOZGAT,YOZGAT,YOZGAT-YOZGAT,513
"TR81-BATI KARADENIZ-(BARTIN, KARABUK, ZONGULDAK)",BARTIN,AMASRA,BARTIN-AMASRA,945
"TR81-BATI KARADENIZ-(BARTIN, KARABUK, ZONGULDAK)",BARTIN,BARTIN,BARTIN-BARTIN,915
"TR81-BATI KARADENIZ-(BARTIN, KARABUK, ZONGULDAK)",BARTIN,KURUCASILE,BARTIN-KURUCASILE,952
"TR81-BATI KARADENIZ-(BARTIN, KARABUK, ZONGULDAK)",BARTIN,ULUS,BARTIN-ULUS,931
"TR81-BATI KARADENIZ-(BARTIN, KARABUK, ZONGULDAK)",KARABUK,EFLANI,KARABUK-EFLANI,921
"TR81-BATI KARADENIZ-(BARTIN, KARABUK, ZONGULDAK)",KARABUK,ESKIPAZAR,KARABUK-ESKIPAZAR,840
"TR81-BATI KARADENIZ-(BARTIN, KARABUK, ZONGULDAK)",KARABUK,KARABUK,KARABUK-KARABUK,869
"TR81-BATI KARADENIZ-(BARTIN, KARABUK, ZONGULDAK)",KARABUK,OVACIK,KARABUK-OVACIK,835
"TR81-BATI KARADENIZ-(BARTIN, KARABUK, ZONGULDAK)",KARABUK,SAFRANBOLU,KARABUK-SAFRANBOLU,895
"TR81-BATI KARADENIZ-(BARTIN, KARABUK, ZONGULDAK)",KARABUK,YENICE,KARABUK-YENICE,861
"TR81-BATI KARADENIZ-(BARTIN, KARABUK, ZONGULDAK)",ZONGULDAK,ALAPLI,ZONGULDAK-ALAPLI,862
"TR81-BATI KARADENIZ-(BARTIN, KARABUK, ZONGULDAK)",ZONGULDAK,CAYCUMA,ZONGULDAK-CAYCUMA,908
"TR81-BATI KARADENIZ-(BARTIN, KARABUK, ZONGULDAK)",ZONGULDAK,DEVREK,ZONGULDAK-DEVREK,860
"TR81-BATI KARADENIZ-(BARTIN, KARABUK, ZONGULDAK)",ZONGULDAK,EREGLI,ZONGULDAK-EREGLI,898
"TR81-BATI KARADENIZ-(BARTIN, KARABUK, ZONGULDAK)",ZONGULDAK,GOKCEBEY,ZONGULDAK-GOKCEBEY,907
"TR81-BATI KARADENIZ-(BARTIN, KARABUK, ZONGULDAK)",ZONGULDAK,KILIMLI,ZONGULDAK-KILIMLI,928
"TR81-BATI KARADENIZ-(BARTIN, KARABUK, ZONGULDAK)",ZONGULDAK,KOZLU,ZONGULDAK-KOZLU,923
"TR81-BATI KARADENIZ-(BARTIN, KARABUK, ZONGULDAK)",ZONGULDAK,ZONGULDAK,ZONGULDAK-ZONGULDAK,906
"TR82-KUZEY ANADOLU-(CANKIRI, KASTAMONU, SINOP)",CANKIRI,ATKARACALAR,CANKIRI-ATKARACALAR,753
"TR82-KUZEY ANADOLU-(CANKIRI, KASTAMONU, SINOP)",CANKIRI,BAYRAMOREN,CANKIRI-BAYRAMOREN,807
"TR82-KUZEY ANADOLU-(CANKIRI, KASTAMONU, SINOP)",CANKIRI,CANKIRI,CANKIRI-CANKIRI,660
"TR82-KUZEY ANADOLU-(CANKIRI, KASTAMONU, SINOP)",CANKIRI,CERKES,CANKIRI-CERKES,752
"TR82-KUZEY ANADOLU-(CANKIRI, KASTAMONU, SINOP)",CANKIRI,ELDIVAN,CANKIRI-ELDIVAN,670
"TR82-KUZEY ANADOLU-(CANKIRI, KASTAMONU, SINOP)",CANKIRI,ILGAZ,CANKIRI-ILGAZ,771
"TR82-KUZEY ANADOLU-(CANKIRI, KASTAMONU, SINOP)",CANKIRI,KIZILIRMAK,CANKIRI-KIZILIRMAK,656
"TR82-KUZEY ANADOLU-(CANKIRI, KASTAMONU, SINOP)",CANKIRI,KORGUN,CANKIRI-KORGUN,713
"TR82-KUZEY ANADOLU-(CANKIRI, KASTAMONU, SINOP)",CANKIRI,KURSUNLU,CANKIRI-KURSUNLU,747
"TR82-KUZEY ANADOLU-(CANKIRI, KASTAMONU, SINOP)",CANKIRI,ORTA,CANKIRI-ORTA,693
"TR82-KUZEY ANADOLU-(CANKIRI, KASTAMONU, SINOP)",CANKIRI,SABANOZU,CANKIRI-SABANOZU,680
"TR82-KUZEY ANADOLU-(CANKIRI, KASTAMONU, SINOP)",CANKIRI,YAPRAKLI,CANKIRI-YAPRAKLI,766
"TR82-KUZEY ANADOLU-(CANKIRI, KASTAMONU, SINOP)",KASTAMONU,ABANA,KASTAMONU-ABANA,959
"TR82-KUZEY ANADOLU-(CANKIRI, KASTAMONU, SINOP)",KASTAMONU,AGLI,KASTAMONU-AGLI,938
"TR82-KUZEY ANADOLU-(CANKIRI, KASTAMONU, SINOP)",KASTAMONU,ARAC,KASTAMONU-ARAC,830
"TR82-KUZEY ANADOLU-(CANKIRI, KASTAMONU, SINOP)",KASTAMONU,AZDAVAY,KASTAMONU-AZDAVAY,939
"TR82-KUZEY ANADOLU-(CANKIRI, KASTAMONU, SINOP)",KASTAMONU,BOZKURT,KASTAMONU-BOZKURT,953
"TR82-KUZEY ANADOLU-(CANKIRI, KASTAMONU, SINOP)",KASTAMONU,CATALZEYTIN,KASTAMONU-CATALZEYTIN,950
"TR82-KUZEY ANADOLU-(CANKIRI, KASTAMONU, SINOP)",KASTAMONU,CIDE,KASTAMONU-CIDE,948
"TR82-KUZEY ANADOLU-(CANKIRI, KASTAMONU, SINOP)",KASTAMONU,DADAY,KASTAMONU-DADAY,920
"TR82-KUZEY ANADOLU-(CANKIRI, KASTAMONU, SINOP)",KASTAMONU,DEVREKANI,KASTAMONU-DEVREKANI,930
"TR82-KUZEY ANADOLU-(CANKIRI, KASTAMONU, SINOP)",KASTAMONU,DOGANYURT,KASTAMONU-DOGANYURT,957
"TR82-KUZEY ANADOLU-(CANKIRI, KASTAMONU, SINOP)",KASTAMONU,HANONU,KASTAMONU-HANONU,942
"TR82-KUZEY ANADOLU-(CANKIRI, KASTAMONU, SINOP)",KASTAMONU,IHSANGAZI,KASTAMONU-IHSANGAZI,870
"TR82-KUZEY ANADOLU-(CANKIRI, KASTAMONU, SINOP)",KASTAMONU,INEBOLU,KASTAMONU-INEBOLU,954
"TR82-KUZEY ANADOLU-(CANKIRI, KASTAMONU, SINOP)",KASTAMONU,KASTAMONU,KASTAMONU-KASTAMONU,867
"TR82-KUZEY ANADOLU-(CANKIRI, KASTAMONU, SINOP)",KASTAMONU,KURE,KASTAMONU-KURE,946
"TR82-KUZEY ANADOLU-(CANKIRI, KASTAMONU, SINOP)",KASTAMONU,PINARBASI,KASTAMONU-PINARBASI,932
"TR82-KUZEY ANADOLU-(CANKIRI, KASTAMONU, SINOP)",KASTAMONU,SENPAZAR,KASTAMONU-SENPAZAR,949
"TR82-KUZEY ANADOLU-(CANKIRI, KASTAMONU, SINOP)",KASTAMONU,SEYDILER,KASTAMONU-SEYDILER,933
"TR82-KUZEY ANADOLU-(CANKIRI, KASTAMONU, SINOP)",KASTAMONU,TASKOPRU,KASTAMONU-TASKOPRU,897
"TR82-KUZEY ANADOLU-(CANKIRI, KASTAMONU, SINOP)",KASTAMONU,TOSYA,KASTAMONU-TOSYA,782
"TR82-KUZEY ANADOLU-(CANKIRI, KASTAMONU, SINOP)",SINOP,AYANCIK,SINOP-AYANCIK,943
"TR82-KUZEY ANADOLU-(CANKIRI, KASTAMONU, SINOP)",SINOP,BOYABAT,SINOP-BOYABAT,913
"TR82-KUZEY ANADOLU-(CANKIRI, KASTAMONU, SINOP)",SINOP,DIKMEN,SINOP-DIKMEN,936
"TR82-KUZEY ANADOLU-(CANKIRI, KASTAMONU, SINOP)",SINOP,DURAGAN,SINOP-DURAGAN,917
"TR82-KUZEY ANADOLU-(CANKIRI, KASTAMONU, SINOP)",SINOP,ERFELEK,SINOP-ERFELEK,941
"TR82-KUZEY ANADOLU-(CANKIRI, KASTAMONU, SINOP)",SINOP,GERZE,SINOP-GERZE,937
"TR82-KUZEY ANADOLU-(CANKIRI, KASTAMONU, SINOP)",SINOP,SARAYDUZU,SINOP-SARAYDUZU,900
"TR82-KUZEY ANADOLU-(CANKIRI, KASTAMONU, SINOP)",SINOP,SINOP,SINOP-SINOP,956
"TR82-KUZEY ANADOLU-(CANKIRI, KASTAMONU, SINOP)",SINOP,TURKELI,SINOP-TURKELI,947
"TR83-ORTA KARADENIZ-(AMASYA, CORUM, SAMSUN, TOKAT)",AMASYA,AMASYA,AMASYA-AMASYA,676
"TR83-ORTA KARADENIZ-(AMASYA, CORUM, SAMSUN, TOKAT)",AMASYA,GOYNUCEK,AMASYA-GOYNUCEK,646
"TR83-ORTA KARADENIZ-(AMASYA, CORUM, SAMSUN, TOKAT)",AMASYA,GUMUSHACIKOY,AMASYA-GUMUSHACIKOY,732
"TR83-ORTA KARADENIZ-(AMASYA, CORUM, SAMSUN, TOKAT)",AMASYA,HAMAMOZU,AMASYA-HAMAMOZU,729
"TR83-ORTA KARADENIZ-(AMASYA, CORUM, SAMSUN, TOKAT)",AMASYA,MERZIFON,AMASYA-MERZIFON,717
"TR83-ORTA KARADENIZ-(AMASYA, CORUM, SAMSUN, TOKAT)",AMASYA,SULUOVA,AMASYA-SULUOVA,794
"TR83-ORTA KARADENIZ-(AMASYA, CORUM, SAMSUN, TOKAT)",AMASYA,TASOVA,AMASYA-TASOVA,709
"TR83-ORTA KARADENIZ-(AMASYA, CORUM, SAMSUN, TOKAT)",CORUM,ALACA,CORUM-ALACA,602
"TR83-ORTA KARADENIZ-(AMASYA, CORUM, SAMSUN, TOKAT)",CORUM,BAYAT,CORUM-BAYAT,679
"TR83-ORTA KARADENIZ-(AMASYA, CORUM, SAMSUN, TOKAT)",CORUM,BOGAZKALE,CORUM-BOGAZKALE,600
"TR83-ORTA KARADENIZ-(AMASYA, CORUM, SAMSUN, TOKAT)",CORUM,CORUM,CORUM-CORUM,654
"TR83-ORTA KARADENIZ-(AMASYA, CORUM, SAMSUN, TOKAT)",CORUM,DODURGA,CORUM-DODURGA,783
"TR83-ORTA KARADENIZ-(AMASYA, CORUM, SAMSUN, TOKAT)",CORUM,ISKILIP,CORUM-ISKILIP,708
"TR83-ORTA KARADENIZ-(AMASYA, CORUM, SAMSUN, TOKAT)",CORUM,KARGI,CORUM-KARGI,847
"TR83-ORTA KARADENIZ-(AMASYA, CORUM, SAMSUN, TOKAT)",CORUM,LACIN,CORUM-LACIN,751
"TR83-ORTA KARADENIZ-(AMASYA, CORUM, SAMSUN, TOKAT)",CORUM,MECITOZU,CORUM-MECITOZU,668
"TR83-ORTA KARADENIZ-(AMASYA, CORUM, SAMSUN, TOKAT)",CORUM,OGUZLAR,CORUM-OGUZLAR,730
"TR83-ORTA KARADENIZ-(AMASYA, CORUM, SAMSUN, TOKAT)",CORUM,ORTAKOY,CORUM-ORTAKOY,647
"TR83-ORTA KARADENIZ-(AMASYA, CORUM, SAMSUN, TOKAT)",CORUM,OSMANCIK,CORUM-OSMANCIK,786
"TR83-ORTA KARADENIZ-(AMASYA, CORUM, SAMSUN, TOKAT)",CORUM,SUNGURLU,CORUM-SUNGURLU,586
"TR83-ORTA KARADENIZ-(AMASYA, CORUM, SAMSUN, TOKAT)",CORUM,UGURLUDAG,CORUM-UGURLUDAG,678
"TR83-ORTA KARADENIZ-(AMASYA, CORUM, SAMSUN, TOKAT)",SAMSUN,19 MAYIS,SAMSUN-19 MAYIS,940
"TR83-ORTA KARADENIZ-(AMASYA, CORUM, SAMSUN, TOKAT)",SAMSUN,ALACAM,SAMSUN-ALACAM,911
"TR83-ORTA KARADENIZ-(AMASYA, CORUM, SAMSUN, TOKAT)",SAMSUN,ASARCIK,SAMSUN-ASARCIK,828
"TR83-ORTA KARADENIZ-(AMASYA, CORUM, SAMSUN, TOKAT)",SAMSUN,ATAKUM,SAMSUN-ATAKUM,899
"TR83-ORTA KARADENIZ-(AMASYA, CORUM, SAMSUN, TOKAT)",SAMSUN,AYVACIK,SAMSUN-AYVACIK,809
"TR83-ORTA KARADENIZ-(AMASYA, CORUM, SAMSUN, TOKAT)",SAMSUN,BAFRA,SAMSUN-BAFRA,903
"TR83-ORTA KARADENIZ-(AMASYA, CORUM, SAMSUN, TOKAT)",SAMSUN,CANIK,SAMSUN-CANIK,883
"TR83-ORTA KARADENIZ-(AMASYA, CORUM, SAMSUN, TOKAT)",SAMSUN,CARSAMBA,SAMSUN-CARSAMBA,865
"TR83-ORTA KARADENIZ-(AMASYA, CORUM, SAMSUN, TOKAT)",SAMSUN,HAVZA,SAMSUN-HAVZA,795
"TR83-ORTA KARADENIZ-(AMASYA, CORUM, SAMSUN, TOKAT)",SAMSUN,ILKADIM,SAMSUN-ILKADIM,909
"TR83-ORTA KARADENIZ-(AMASYA, CORUM, SAMSUN, TOKAT)",SAMSUN,KAVAK,SAMSUN-KAVAK,843
"TR83-ORTA KARADENIZ-(AMASYA, CORUM, SAMSUN, TOKAT)",SAMSUN,LADIK,SAMSUN-LADIK,792
"TR83-ORTA KARADENIZ-(AMASYA, CORUM, SAMSUN, TOKAT)",SAMSUN,SALIPAZARI,SAMSUN-SALIPAZARI,838
"TR83-ORTA KARADENIZ-(AMASYA, CORUM, SAMSUN, TOKAT)",SAMSUN,TEKKEKOY,SAMSUN-TEKKEKOY,882
"TR83-ORTA KARADENIZ-(AMASYA, CORUM, SAMSUN, TOKAT)",SAMSUN,TERME,SAMSUN-TERME,810
"TR83-ORTA KARADENIZ-(AMASYA, CORUM, SAMSUN, TOKAT)",SAMSUN,VEZIRKOPRU,SAMSUN-VEZIRKOPRU,864
"TR83-ORTA KARADENIZ-(AMASYA, CORUM, SAMSUN, TOKAT)",SAMSUN,YAKAKENT,SAMSUN-YAKAKENT,929
"TR83-ORTA KARADENIZ-(AMASYA, CORUM, SAMSUN, TOKAT)",TOKAT,ALMUS,TOKAT-ALMUS,633
"TR83-ORTA KARADENIZ-(AMASYA, CORUM, SAMSUN, TOKAT)",TOKAT,ARTOVA,TOKAT-ARTOVA,611
"TR83-ORTA KARADENIZ-(AMASYA, CORUM, SAMSUN, TOKAT)",TOKAT,BASCIFTLIK,TOKAT-BASCIFTLIK,710
"TR83-ORTA KARADENIZ-(AMASYA, CORUM, SAMSUN, TOKAT)",TOKAT,ERBAA,TOKAT-ERBAA,698
"TR83-ORTA KARADENIZ-(AMASYA, CORUM, SAMSUN, TOKAT)",TOKAT,NIKSAR,TOKAT-NIKSAR,675
"TR83-ORTA KARADENIZ-(AMASYA, CORUM, SAMSUN, TOKAT)",TOKAT,PAZAR,TOKAT-PAZAR,639
"TR83-ORTA KARADENIZ-(AMASYA, CORUM, SAMSUN, TOKAT)",TOKAT,RESADIYE,TOKAT-RESADIYE,652
"TR83-ORTA KARADENIZ-(AMASYA, CORUM, SAMSUN, TOKAT)",TOKAT,SULUSARAY,TOKAT-SULUSARAY,576
"TR83-ORTA KARADENIZ-(AMASYA, CORUM, SAMSUN, TOKAT)",TOKAT,TOKAT,TOKAT-TOKAT,606
"TR83-ORTA KARADENIZ-(AMASYA, CORUM, SAMSUN, TOKAT)",TOKAT,TURHAL,TOKAT-TURHAL,643
"TR83-ORTA KARADENIZ-(AMASYA, CORUM, SAMSUN, TOKAT)",TOKAT,YESILYURT,TOKAT-YESILYURT,587
"TR83-ORTA KARADENIZ-(AMASYA, CORUM, SAMSUN, TOKAT)",TOKAT,ZILE,TOKAT-ZILE,619
"TR90-DOGU KARADENIZ-(ARTVIN, GIRESUN, GUMUSHANE, ORDU, RIZE, TRABZON)",ARTVIN,ARDANUC,ARTVIN-ARDANUC,844
"TR90-DOGU KARADENIZ-(ARTVIN, GIRESUN, GUMUSHANE, ORDU, RIZE, TRABZON)",ARTVIN,ARHAVI,ARTVIN-ARHAVI,891
"TR90-DOGU KARADENIZ-(ARTVIN, GIRESUN, GUMUSHANE, ORDU, RIZE, TRABZON)",ARTVIN,ARTVIN,ARTVIN-ARTVIN,821
"TR90-DOGU KARADENIZ-(ARTVIN, GIRESUN, GUMUSHANE, ORDU, RIZE, TRABZON)",ARTVIN,BORCKA,ARTVIN-BORCKA,914
"TR90-DOGU KARADENIZ-(ARTVIN, GIRESUN, GUMUSHANE, ORDU, RIZE, TRABZON)",ARTVIN,HOPA,ARTVIN-HOPA,910
"TR90-DOGU KARADENIZ-(ARTVIN, GIRESUN, GUMUSHANE, ORDU, RIZE, TRABZON)",ARTVIN,KEMALPASA,ARTVIN-KEMALPASA,960
"TR90-DOGU KARADENIZ-(ARTVIN, GIRESUN, GUMUSHANE, ORDU, RIZE, TRABZON)",ARTVIN,MURGUL,ARTVIN-MURGUL,886
"TR90-DOGU KARADENIZ-(ARTVIN, GIRESUN, GUMUSHANE, ORDU, RIZE, TRABZON)",ARTVIN,SAVSAT,ARTVIN-SAVSAT,901
"TR90-DOGU KARADENIZ-(ARTVIN, GIRESUN, GUMUSHANE, ORDU, RIZE, TRABZON)",ARTVIN,YUSUFELI,ARTVIN-YUSUFELI,704
"TR90-DOGU KARADENIZ-(ARTVIN, GIRESUN, GUMUSHANE, ORDU, RIZE, TRABZON)",GIRESUN,ALUCRA,GIRESUN-ALUCRA,641
"TR90-DOGU KARADENIZ-(ARTVIN, GIRESUN, GUMUSHANE, ORDU, RIZE, TRABZON)",GIRESUN,BULANCAK,GIRESUN-BULANCAK,726
"TR90-DOGU KARADENIZ-(ARTVIN, GIRESUN, GUMUSHANE, ORDU, RIZE, TRABZON)",GIRESUN,CAMOLUK,GIRESUN-CAMOLUK,616
"TR90-DOGU KARADENIZ-(ARTVIN, GIRESUN, GUMUSHANE, ORDU, RIZE, TRABZON)",GIRESUN,CANAKCI,GIRESUN-CANAKCI,772
"TR90-DOGU KARADENIZ-(ARTVIN, GIRESUN, GUMUSHANE, ORDU, RIZE, TRABZON)",GIRESUN,DERELI,GIRESUN-DERELI,682
"TR90-DOGU KARADENIZ-(ARTVIN, GIRESUN, GUMUSHANE, ORDU, RIZE, TRABZON)",GIRESUN,DOGANKENT,GIRESUN-DOGANKENT,762
"TR90-DOGU KARADENIZ-(ARTVIN, GIRESUN, GUMUSHANE, ORDU, RIZE, TRABZON)",GIRESUN,ESPIYE,GIRESUN-ESPIYE,791
"TR90-DOGU KARADENIZ-(ARTVIN, GIRESUN, GUMUSHANE, ORDU, RIZE, TRABZON)",GIRESUN,EYNESIL,GIRESUN-EYNESIL,824
"TR90-DOGU KARADENIZ-(ARTVIN, GIRESUN, GUMUSHANE, ORDU, RIZE, TRABZON)",GIRESUN,GIRESUN,GIRESUN-GIRESUN,770
"TR90-DOGU KARADENIZ-(ARTVIN, GIRESUN, GUMUSHANE, ORDU, RIZE, TRABZON)",GIRESUN,GORELE,GIRESUN-GORELE,784
"TR90-DOGU KARADENIZ-(ARTVIN, GIRESUN, GUMUSHANE, ORDU, RIZE, TRABZON)",GIRESUN,GUCE,GIRESUN-GUCE,706
"TR90-DOGU KARADENIZ-(ARTVIN, GIRESUN, GUMUSHANE, ORDU, RIZE, TRABZON)",GIRESUN,KESAP,GIRESUN-KESAP,759
"TR90-DOGU KARADENIZ-(ARTVIN, GIRESUN, GUMUSHANE, ORDU, RIZE, TRABZON)",GIRESUN,PIRAZIZ,GIRESUN-PIRAZIZ,800
"TR90-DOGU KARADENIZ-(ARTVIN, GIRESUN, GUMUSHANE, ORDU, RIZE, TRABZON)",GIRESUN,SEBINKARAHISAR,GIRESUN-SEBINKARAHISAR,632
"TR90-DOGU KARADENIZ-(ARTVIN, GIRESUN, GUMUSHANE, ORDU, RIZE, TRABZON)",GIRESUN,TIREBOLU,GIRESUN-TIREBOLU,785
"TR90-DOGU KARADENIZ-(ARTVIN, GIRESUN, GUMUSHANE, ORDU, RIZE, TRABZON)",GIRESUN,YAGLIDERE,GIRESUN-YAGLIDERE,707
"TR90-DOGU KARADENIZ-(ARTVIN, GIRESUN, GUMUSHANE, ORDU, RIZE, TRABZON)",GUMUSHANE,GUMUSHANE,GUMUSHANE-GUMUSHANE,651
"TR90-DOGU KARADENIZ-(ARTVIN, GIRESUN, GUMUSHANE, ORDU, RIZE, TRABZON)",GUMUSHANE,KELKIT,GUMUSHANE-KELKIT,577
"TR90-DOGU KARADENIZ-(ARTVIN, GIRESUN, GUMUSHANE, ORDU, RIZE, TRABZON)",GUMUSHANE,KOSE,GUMUSHANE-KOSE,648
"TR90-DOGU KARADENIZ-(ARTVIN, GIRESUN, GUMUSHANE, ORDU, RIZE, TRABZON)",GUMUSHANE,KURTUN,GUMUSHANE-KURTUN,703
"TR90-DOGU KARADENIZ-(ARTVIN, GIRESUN, GUMUSHANE, ORDU, RIZE, TRABZON)",GUMUSHANE,SIRAN,GUMUSHANE-SIRAN,612
"TR90-DOGU KARADENIZ-(ARTVIN, GIRESUN, GUMUSHANE, ORDU, RIZE, TRABZON)",GUMUSHANE,TORUL,GUMUSHANE-TORUL,663
"TR90-DOGU KARADENIZ-(ARTVIN, GIRESUN, GUMUSHANE, ORDU, RIZE, TRABZON)",ORDU,AKKUS,ORDU-AKKUS,740
"TR90-DOGU KARADENIZ-(ARTVIN, GIRESUN, GUMUSHANE, ORDU, RIZE, TRABZON)",ORDU,ALTINORDU,ORDU-ALTINORDU,764
"TR90-DOGU KARADENIZ-(ARTVIN, GIRESUN, GUMUSHANE, ORDU, RIZE, TRABZON)",ORDU,AYBASTI,ORDU-AYBASTI,702
"TR90-DOGU KARADENIZ-(ARTVIN, GIRESUN, GUMUSHANE, ORDU, RIZE, TRABZON)",ORDU,CAMAS,ORDU-CAMAS,801
"TR90-DOGU KARADENIZ-(ARTVIN, GIRESUN, GUMUSHANE, ORDU, RIZE, TRABZON)",ORDU,CATALPINAR,ORDU-CATALPINAR,763
"TR90-DOGU KARADENIZ-(ARTVIN, GIRESUN, GUMUSHANE, ORDU, RIZE, TRABZON)",ORDU,CAYBASI,ORDU-CAYBASI,803
"TR90-DOGU KARADENIZ-(ARTVIN, GIRESUN, GUMUSHANE, ORDU, RIZE, TRABZON)",ORDU,FATSA,ORDU-FATSA,790
"TR90-DOGU KARADENIZ-(ARTVIN, GIRESUN, GUMUSHANE, ORDU, RIZE, TRABZON)",ORDU,GOLKOY,ORDU-GOLKOY,695
"TR90-DOGU KARADENIZ-(ARTVIN, GIRESUN, GUMUSHANE, ORDU, RIZE, TRABZON)",ORDU,GULYALI,ORDU-GULYALI,820
"TR90-DOGU KARADENIZ-(ARTVIN, GIRESUN, GUMUSHANE, ORDU, RIZE, TRABZON)",ORDU,GURGENTEPE,ORDU-GURGENTEPE,758
"TR90-DOGU KARADENIZ-(ARTVIN, GIRESUN, GUMUSHANE, ORDU, RIZE, TRABZON)",ORDU,IKIZCE,ORDU-IKIZCE,808
"TR90-DOGU KARADENIZ-(ARTVIN, GIRESUN, GUMUSHANE, ORDU, RIZE, TRABZON)",ORDU,KABADUZ,ORDU-KABADUZ,683
"TR90-DOGU KARADENIZ-(ARTVIN, GIRESUN, GUMUSHANE, ORDU, RIZE, TRABZON)",ORDU,KABATAS,ORDU-KABATAS,743
"TR90-DOGU KARADENIZ-(ARTVIN, GIRESUN, GUMUSHANE, ORDU, RIZE, TRABZON)",ORDU,KORGAN,ORDU-KORGAN,718
"TR90-DOGU KARADENIZ-(ARTVIN, GIRESUN, GUMUSHANE, ORDU, RIZE, TRABZON)",ORDU,KUMRU,ORDU-KUMRU,741
"TR90-DOGU KARADENIZ-(ARTVIN, GIRESUN, GUMUSHANE, ORDU, RIZE, TRABZON)",ORDU,MESUDIYE,ORDU-MESUDIYE,684
"TR90-DOGU KARADENIZ-(ARTVIN, GIRESUN, GUMUSHANE, ORDU, RIZE, TRABZON)",ORDU,PERSEMBE,ORDU-PERSEMBE,875
"TR90-DOGU KARADENIZ-(ARTVIN, GIRESUN, GUMUSHANE, ORDU, RIZE, TRABZON)",ORDU,ULUBEY,ORDU-ULUBEY,733
"TR90-DOGU KARADENIZ-(ARTVIN, GIRESUN, GUMUSHANE, ORDU, RIZE, TRABZON)",ORDU,UNYE,ORDU-UNYE,829
"TR90-DOGU KARADENIZ-(ARTVIN, GIRESUN, GUMUSHANE, ORDU, RIZE, TRABZON)",RIZE,ARDESEN,RIZE-ARDESEN,857
"TR90-DOGU KARADENIZ-(ARTVIN, GIRESUN, GUMUSHANE, ORDU, RIZE, TRABZON)",RIZE,CAMLIHEMSIN,RIZE-CAMLIHEMSIN,761
"TR90-DOGU KARADENIZ-(ARTVIN, GIRESUN, GUMUSHANE, ORDU, RIZE, TRABZON)",RIZE,CAYELI,RIZE-CAYELI,781
"TR90-DOGU KARADENIZ-(ARTVIN, GIRESUN, GUMUSHANE, ORDU, RIZE, TRABZON)",RIZE,DEREPAZARI,RIZE-DEREPAZARI,854
"TR90-DOGU KARADENIZ-(ARTVIN, GIRESUN, GUMUSHANE, ORDU, RIZE, TRABZON)",RIZE,FINDIKLI,RIZE-FINDIKLI,887
"TR90-DOGU KARADENIZ-(ARTVIN, GIRESUN, GUMUSHANE, ORDU, RIZE, TRABZON)",RIZE,GUNEYSU,RIZE-GUNEYSU,850
"TR90-DOGU KARADENIZ-(ARTVIN, GIRESUN, GUMUSHANE, ORDU, RIZE, TRABZON)",RIZE,HEMSIN,RIZE-HEMSIN,876
"TR90-DOGU KARADENIZ-(ARTVIN, GIRESUN, GUMUSHANE, ORDU, RIZE, TRABZON)",RIZE,IKIZDERE,RIZE-IKIZDERE,691
"TR90-DOGU KARADENIZ-(ARTVIN, GIRESUN, GUMUSHANE, ORDU, RIZE, TRABZON)",RIZE,IYIDERE,RIZE-IYIDERE,823
"TR90-DOGU KARADENIZ-(ARTVIN, GIRESUN, GUMUSHANE, ORDU, RIZE, TRABZON)",RIZE,KALKANDERE,RIZE-KALKANDERE,779
"TR90-DOGU KARADENIZ-(ARTVIN, GIRESUN, GUMUSHANE, ORDU, RIZE, TRABZON)",RIZE,PAZAR,RIZE-PAZAR,878
"TR90-DOGU KARADENIZ-(ARTVIN, GIRESUN, GUMUSHANE, ORDU, RIZE, TRABZON)",RIZE,RIZE,RIZE-RIZE,780
"TR90-DOGU KARADENIZ-(ARTVIN, GIRESUN, GUMUSHANE, ORDU, RIZE, TRABZON)",TRABZON,AKCAABAT,TRABZON-AKCAABAT,802
"TR90-DOGU KARADENIZ-(ARTVIN, GIRESUN, GUMUSHANE, ORDU, RIZE, TRABZON)",TRABZON,ARAKLI,TRABZON-ARAKLI,731
"TR90-DOGU KARADENIZ-(ARTVIN, GIRESUN, GUMUSHANE, ORDU, RIZE, TRABZON)",TRABZON,ARSIN,TRABZON-ARSIN,736
"TR90-DOGU KARADENIZ-(ARTVIN, GIRESUN, GUMUSHANE, ORDU, RIZE, TRABZON)",TRABZON,BESIKDUZU,TRABZON-BESIKDUZU,822
"TR90-DOGU KARADENIZ-(ARTVIN, GIRESUN, GUMUSHANE, ORDU, RIZE, TRABZON)",TRABZON,CARSIBASI,TRABZON-CARSIBASI,873
"TR90-DOGU KARADENIZ-(ARTVIN, GIRESUN, GUMUSHANE, ORDU, RIZE, TRABZON)",TRABZON,CAYKARA,TRABZON-CAYKARA,690
"TR90-DOGU KARADENIZ-(ARTVIN, GIRESUN, GUMUSHANE, ORDU, RIZE, TRABZON)",TRABZON,DERNEKPAZARI,TRABZON-DERNEKPAZARI,754
"TR90-DOGU KARADENIZ-(ARTVIN, GIRESUN, GUMUSHANE, ORDU, RIZE, TRABZON)",TRABZON,DUZKOY,TRABZON-DUZKOY,789
"TR90-DOGU KARADENIZ-(ARTVIN, GIRESUN, GUMUSHANE, ORDU, RIZE, TRABZON)",TRABZON,HAYRAT,TRABZON-HAYRAT,755
"TR90-DOGU KARADENIZ-(ARTVIN, GIRESUN, GUMUSHANE, ORDU, RIZE, TRABZON)",TRABZON,KOPRUBASI,TRABZON-KOPRUBASI,722
"TR90-DOGU KARADENIZ-(ARTVIN, GIRESUN, GUMUSHANE, ORDU, RIZE, TRABZON)",TRABZON,MACKA,TRABZON-MACKA,727
"TR90-DOGU KARADENIZ-(ARTVIN, GIRESUN, GUMUSHANE, ORDU, RIZE, TRABZON)",TRABZON,OF,TRABZON-OF,775
"TR90-DOGU KARADENIZ-(ARTVIN, GIRESUN, GUMUSHANE, ORDU, RIZE, TRABZON)",TRABZON,ORTAHISAR,TRABZON-ORTAHISAR,804
"TR90-DOGU KARADENIZ-(ARTVIN, GIRESUN, GUMUSHANE, ORDU, RIZE, TRABZON)",TRABZON,SALPAZARI,TRABZON-SALPAZARI,769
"TR90-DOGU KARADENIZ-(ARTVIN, GIRESUN, GUMUSHANE, ORDU, RIZE, TRABZON)",TRABZON,SURMENE,TRABZON-SURMENE,773
"TR90-DOGU KARADENIZ-(ARTVIN, GIRESUN, GUMUSHANE, ORDU, RIZE, TRABZON)",TRABZON,TONYA,TRABZON-TONYA,760
"TR90-DOGU KARADENIZ-(ARTVIN, GIRESUN, GUMUSHANE, ORDU, RIZE, TRABZON)",TRABZON,VAKFIKEBIR,TRABZON-VAKFIKEBIR,811
"TR90-DOGU KARADENIZ-(ARTVIN, GIRESUN, GUMUSHANE, ORDU, RIZE, TRABZON)",TRABZON,YOMRA,TRABZON-YOMRA,737
"TRA1-KUZEY DOGU ANADOLU-(BAYBURT, ERZINCAN, ERZURUM)",BAYBURT,AYDINTEPE,BAYBURT-AYDINTEPE,685
"TRA1-KUZEY DOGU ANADOLU-(BAYBURT, ERZINCAN, ERZURUM)",BAYBURT,BAYBURT,BAYBURT-BAYBURT,609
"TRA1-KUZEY DOGU ANADOLU-(BAYBURT, ERZINCAN, ERZURUM)",BAYBURT,DEMIROZU,BAYBURT-DEMIROZU,589
"TRA1-KUZEY DOGU ANADOLU-(BAYBURT, ERZINCAN, ERZURUM)",ERZINCAN,CAYIRLI,ERZINCAN-CAYIRLI,557
"TRA1-KUZEY DOGU ANADOLU-(BAYBURT, ERZINCAN, ERZURUM)",ERZINCAN,ERZINCAN,ERZINCAN-ERZINCAN,512
"TRA1-KUZEY DOGU ANADOLU-(BAYBURT, ERZINCAN, ERZURUM)",ERZINCAN,ILIC,ERZINCAN-ILIC,491
"TRA1-KUZEY DOGU ANADOLU-(BAYBURT, ERZINCAN, ERZURUM)",ERZINCAN,KEMAH,ERZINCAN-KEMAH,514
"TRA1-KUZEY DOGU ANADOLU-(BAYBURT, ERZINCAN, ERZURUM)",ERZINCAN,KEMALIYE,ERZINCAN-KEMALIYE,445
"TRA1-KUZEY DOGU ANADOLU-(BAYBURT, ERZINCAN, ERZURUM)",ERZINCAN,OTLUKBELI,ERZINCAN-OTLUKBELI,605
"TRA1-KUZEY DOGU ANADOLU-(BAYBURT, ERZINCAN, ERZURUM)",ERZINCAN,REFAHIYE,ERZINCAN-REFAHIYE,558
"TRA1-KUZEY DOGU ANADOLU-(BAYBURT, ERZINCAN, ERZURUM)",ERZINCAN,TERCAN,ERZINCAN-TERCAN,519
"TRA1-KUZEY DOGU ANADOLU-(BAYBURT, ERZINCAN, ERZURUM)",ERZINCAN,UZUMLU,ERZINCAN-UZUMLU,525
"TRA1-KUZEY DOGU ANADOLU-(BAYBURT, ERZINCAN, ERZURUM)",ERZURUM,ASKALE,ERZURUM-ASKALE,640
"TRA1-KUZEY DOGU ANADOLU-(BAYBURT, ERZINCAN, ERZURUM)",ERZURUM,AZIZIYE,ERZURUM-AZIZIYE,573
"TRA1-KUZEY DOGU ANADOLU-(BAYBURT, ERZINCAN, ERZURUM)",ERZURUM,CAT,ERZURUM-CAT,503
"TRA1-KUZEY DOGU ANADOLU-(BAYBURT, ERZINCAN, ERZURUM)",ERZURUM,HINIS,ERZURUM-HINIS,469
"TRA1-KUZEY DOGU ANADOLU-(BAYBURT, ERZINCAN, ERZURUM)",ERZURUM,HORASAN,ERZURUM-HORASAN,571
"TRA1-KUZEY DOGU ANADOLU-(BAYBURT, ERZINCAN, ERZURUM)",ERZURUM,ISPIR,ERZURUM-ISPIR,657
"TRA1-KUZEY DOGU ANADOLU-(BAYBURT, ERZINCAN, ERZURUM)",ERZURUM,KARACOBAN,ERZURUM-KARACOBAN,504
"TRA1-KUZEY DOGU ANADOLU-(BAYBURT, ERZINCAN, ERZURUM)",ERZURUM,KARAYAZI,ERZURUM-KARAYAZI,506
"TRA1-KUZEY DOGU ANADOLU-(BAYBURT, ERZINCAN, ERZURUM)",ERZURUM,KOPRUKOY,ERZURUM-KOPRUKOY,565
"TRA1-KUZEY DOGU ANADOLU-(BAYBURT, ERZINCAN, ERZURUM)",ERZURUM,NARMAN,ERZURUM-NARMAN,631
"TRA1-KUZEY DOGU ANADOLU-(BAYBURT, ERZINCAN, ERZURUM)",ERZURUM,OLTU,ERZURUM-OLTU,674
"TRA1-KUZEY DOGU ANADOLU-(BAYBURT, ERZINCAN, ERZURUM)",ERZURUM,OLUR,ERZURUM-OLUR,739
"TRA1-KUZEY DOGU ANADOLU-(BAYBURT, ERZINCAN, ERZURUM)",ERZURUM,PALANDOKEN,ERZURUM-PALANDOKEN,554
"TRA1-KUZEY DOGU ANADOLU-(BAYBURT, ERZINCAN, ERZURUM)",ERZURUM,PASINLER,ERZURUM-PASINLER,568
"TRA1-KUZEY DOGU ANADOLU-(BAYBURT, ERZINCAN, ERZURUM)",ERZURUM,PAZARYOLU,ERZURUM-PAZARYOLU,692
"TRA1-KUZEY DOGU ANADOLU-(BAYBURT, ERZINCAN, ERZURUM)",ERZURUM,SENKAYA,ERZURUM-SENKAYA,723
"TRA1-KUZEY DOGU ANADOLU-(BAYBURT, ERZINCAN, ERZURUM)",ERZURUM,TEKMAN,ERZURUM-TEKMAN,494
"TRA1-KUZEY DOGU ANADOLU-(BAYBURT, ERZINCAN, ERZURUM)",ERZURUM,TORTUM,ERZURUM-TORTUM,636
"TRA1-KUZEY DOGU ANADOLU-(BAYBURT, ERZINCAN, ERZURUM)",ERZURUM,UZUNDERE,ERZURUM-UZUNDERE,705
"TRA1-KUZEY DOGU ANADOLU-(BAYBURT, ERZINCAN, ERZURUM)",ERZURUM,YAKUTIYE,ERZURUM-YAKUTIYE,597
"TRA2-SERHAT-(AGRI, ARDAHAN, IGDIR, KARS)",AGRI,AGRI,AGRI-AGRI,536
"TRA2-SERHAT-(AGRI, ARDAHAN, IGDIR, KARS)",AGRI,DIYADIN,AGRI-DIYADIN,472
"TRA2-SERHAT-(AGRI, ARDAHAN, IGDIR, KARS)",AGRI,DOGUBAYAZIT,AGRI-DOGUBAYAZIT,544
"TRA2-SERHAT-(AGRI, ARDAHAN, IGDIR, KARS)",AGRI,ELESKIRT,AGRI-ELESKIRT,569
"TRA2-SERHAT-(AGRI, ARDAHAN, IGDIR, KARS)",AGRI,HAMUR,AGRI-HAMUR,495
"TRA2-SERHAT-(AGRI, ARDAHAN, IGDIR, KARS)",AGRI,PATNOS,AGRI-PATNOS,482
"TRA2-SERHAT-(AGRI, ARDAHAN, IGDIR, KARS)",AGRI,TASLICAY,AGRI-TASLICAY,496
"TRA2-SERHAT-(AGRI, ARDAHAN, IGDIR, KARS)",AGRI,TUTAK,AGRI-TUTAK,502
"TRA2-SERHAT-(AGRI, ARDAHAN, IGDIR, KARS)",ARDAHAN,ARDAHAN,ARDAHAN-ARDAHAN,825
"TRA2-SERHAT-(AGRI, ARDAHAN, IGDIR, KARS)",ARDAHAN,CILDIR,ARDAHAN-CILDIR,851
"TRA2-SERHAT-(AGRI, ARDAHAN, IGDIR, KARS)",ARDAHAN,DAMAL,ARDAHAN-DAMAL,924
"TRA2-SERHAT-(AGRI, ARDAHAN, IGDIR, KARS)",ARDAHAN,GOLE,ARDAHAN-GOLE,776
"TRA2-SERHAT-(AGRI, ARDAHAN, IGDIR, KARS)",ARDAHAN,HANAK,ARDAHAN-HANAK,896
"TRA2-SERHAT-(AGRI, ARDAHAN, IGDIR, KARS)",ARDAHAN,POSOF,ARDAHAN-POSOF,922
"TRA2-SERHAT-(AGRI, ARDAHAN, IGDIR, KARS)",IGDIR,ARALIK,IGDIR-ARALIK,545
"TRA2-SERHAT-(AGRI, ARDAHAN, IGDIR, KARS)",IGDIR,IGDIR,IGDIR-IGDIR,604
"TRA2-SERHAT-(AGRI, ARDAHAN, IGDIR, KARS)",IGDIR,KARAKOYUNLU,IGDIR-KARAKOYUNLU,592
"TRA2-SERHAT-(AGRI, ARDAHAN, IGDIR, KARS)",IGDIR,TUZLUCA,IGDIR-TUZLUCA,561
"TRA2-SERHAT-(AGRI, ARDAHAN, IGDIR, KARS)",KARS,AKYAKA,KARS-AKYAKA,968
"TRA2-SERHAT-(AGRI, ARDAHAN, IGDIR, KARS)",KARS,ARPACAY,KARS-ARPACAY,728
"TRA2-SERHAT-(AGRI, ARDAHAN, IGDIR, KARS)",KARS,DIGOR,KARS-DIGOR,623
"TRA2-SERHAT-(AGRI, ARDAHAN, IGDIR, KARS)",KARS,KAGIZMAN,KARS-KAGIZMAN,588
"TRA2-SERHAT-(AGRI, ARDAHAN, IGDIR, KARS)",KARS,KARS,KARS-KARS,661
"TRA2-SERHAT-(AGRI, ARDAHAN, IGDIR, KARS)",KARS,SARIKAMIS,KARS-SARIKAMIS,649
"TRA2-SERHAT-(AGRI, ARDAHAN, IGDIR, KARS)",KARS,SELIM,KARS-SELIM,665
"TRA2-SERHAT-(AGRI, ARDAHAN, IGDIR, KARS)",KARS,SUSUZ,KARS-SUSUZ,742
"TRB1-FIRAT-(BINGOL, ELAZIG, MALATYA, TUNCELI)",BINGOL,ADAKLI,BINGOL-ADAKLI,460
"TRB1-FIRAT-(BINGOL, ELAZIG, MALATYA, TUNCELI)",BINGOL,BINGOL,BINGOL-BINGOL,406
"TRB1-FIRAT-(BINGOL, ELAZIG, MALATYA, TUNCELI)",BINGOL,GENC,BINGOL-GENC,372
"TRB1-FIRAT-(BINGOL, ELAZIG, MALATYA, TUNCELI)",BINGOL,KARLIOVA,BINGOL-KARLIOVA,443
"TRB1-FIRAT-(BINGOL, ELAZIG, MALATYA, TUNCELI)",BINGOL,KIGI,BINGOL-KIGI,463
"TRB1-FIRAT-(BINGOL, ELAZIG, MALATYA, TUNCELI)",BINGOL,SOLHAN,BINGOL-SOLHAN,392
"TRB1-FIRAT-(BINGOL, ELAZIG, MALATYA, TUNCELI)",BINGOL,YAYLADERE,BINGOL-YAYLADERE,467
"TRB1-FIRAT-(BINGOL, ELAZIG, MALATYA, TUNCELI)",BINGOL,YEDISU,BINGOL-YEDISU,498
"TRB1-FIRAT-(BINGOL, ELAZIG, MALATYA, TUNCELI)",ELAZIG,AGIN,ELAZIG-AGIN,422
"TRB1-FIRAT-(BINGOL, ELAZIG, MALATYA, TUNCELI)",ELAZIG,ALACAKAYA,ELAZIG-ALACAKAYA,338
"TRB1-FIRAT-(BINGOL, ELAZIG, MALATYA, TUNCELI)",ELAZIG,ARICAK,ELAZIG-ARICAK,343
"TRB1-FIRAT-(BINGOL, ELAZIG, MALATYA, TUNCELI)",ELAZIG,BASKIL,ELAZIG-BASKIL,336
"TRB1-FIRAT-(BINGOL, ELAZIG, MALATYA, TUNCELI)",ELAZIG,ELAZIG,ELAZIG-ELAZIG,358
"TRB1-FIRAT-(BINGOL, ELAZIG, MALATYA, TUNCELI)",ELAZIG,KARAKOCAN,ELAZIG-KARAKOCAN,416
"TRB1-FIRAT-(BINGOL, ELAZIG, MALATYA, TUNCELI)",ELAZIG,KEBAN,ELAZIG-KEBAN,400
"TRB1-FIRAT-(BINGOL, ELAZIG, MALATYA, TUNCELI)",ELAZIG,KOVANCILAR,ELAZIG-KOVANCILAR,402
"TRB1-FIRAT-(BINGOL, ELAZIG, MALATYA, TUNCELI)",ELAZIG,MADEN,ELAZIG-MADEN,321
"TRB1-FIRAT-(BINGOL, ELAZIG, MALATYA, TUNCELI)",ELAZIG,PALU,ELAZIG-PALU,365
"TRB1-FIRAT-(BINGOL, ELAZIG, MALATYA, TUNCELI)",ELAZIG,SIVRICE,ELAZIG-SIVRICE,323
"TRB1-FIRAT-(BINGOL, ELAZIG, MALATYA, TUNCELI)",MALATYA,AKCADAG,MALATYA-AKCADAG,296
"TRB1-FIRAT-(BINGOL, ELAZIG, MALATYA, TUNCELI)",MALATYA,ARAPGIR,MALATYA-ARAPGIR,444
"TRB1-FIRAT-(BINGOL, ELAZIG, MALATYA, TUNCELI)",MALATYA,ARGUVAN,MALATYA-ARGUVAN,390
"TRB1-FIRAT-(BINGOL, ELAZIG, MALATYA, TUNCELI)",MALATYA,BATTALGAZI,MALATYA-BATTALGAZI,282
"TRB1-FIRAT-(BINGOL, ELAZIG, MALATYA, TUNCELI)",MALATYA,DARENDE,MALATYA-DARENDE,364
"TRB1-FIRAT-(BINGOL, ELAZIG, MALATYA, TUNCELI)",MALATYA,DOGANSEHIR,MALATYA-DOGANSEHIR,239
"TRB1-FIRAT-(BINGOL, ELAZIG, MALATYA, TUNCELI)",MALATYA,DOGANYOL,MALATYA-DOGANYOL,314
"TRB1-FIRAT-(BINGOL, ELAZIG, MALATYA, TUNCELI)",MALATYA,HEKIMHAN,MALATYA-HEKIMHAN,389
"TRB1-FIRAT-(BINGOL, ELAZIG, MALATYA, TUNCELI)",MALATYA,KALE,MALATYA-KALE,324
"TRB1-FIRAT-(BINGOL, ELAZIG, MALATYA, TUNCELI)",MALATYA,KULUNCAK,MALATYA-KULUNCAK,401
"TRB1-FIRAT-(BINGOL, ELAZIG, MALATYA, TUNCELI)",MALATYA,PUTURGE,MALATYA-PUTURGE,257
"TRB1-FIRAT-(BINGOL, ELAZIG, MALATYA, TUNCELI)",MALATYA,YAZIHAN,MALATYA-YAZIHAN,354
"TRB1-FIRAT-(BINGOL, ELAZIG, MALATYA, TUNCELI)",MALATYA,YESILYURT,MALATYA-YESILYURT,283
"TRB1-FIRAT-(BINGOL, ELAZIG, MALATYA, TUNCELI)",TUNCELI,CEMISGEZEK,TUNCELI-CEMISGEZEK,423
"TRB1-FIRAT-(BINGOL, ELAZIG, MALATYA, TUNCELI)",TUNCELI,HOZAT,TUNCELI-HOZAT,448
"TRB1-FIRAT-(BINGOL, ELAZIG, MALATYA, TUNCELI)",TUNCELI,MAZGIRT,TUNCELI-MAZGIRT,415
"TRB1-FIRAT-(BINGOL, ELAZIG, MALATYA, TUNCELI)",TUNCELI,NAZIMIYE,TUNCELI-NAZIMIYE,452
"TRB1-FIRAT-(BINGOL, ELAZIG, MALATYA, TUNCELI)",TUNCELI,OVACIK,TUNCELI-OVACIK,479
"TRB1-FIRAT-(BINGOL, ELAZIG, MALATYA, TUNCELI)",TUNCELI,PERTEK,TUNCELI-PERTEK,425
"TRB1-FIRAT-(BINGOL, ELAZIG, MALATYA, TUNCELI)",TUNCELI,PULUMUR,TUNCELI-PULUMUR,487
"TRB1-FIRAT-(BINGOL, ELAZIG, MALATYA, TUNCELI)",TUNCELI,TUNCELI,TUNCELI-TUNCELI,433
"TRB2-DOGU ANADOLU-(BITLIS, HAKKÂRI, MUS, VAN)",BITLIS,ADILCEVAZ,BITLIS-ADILCEVAZ,379
"TRB2-DOGU ANADOLU-(BITLIS, HAKKÂRI, MUS, VAN)",BITLIS,AHLAT,BITLIS-AHLAT,396
"TRB2-DOGU ANADOLU-(BITLIS, HAKKÂRI, MUS, VAN)",BITLIS,BITLIS,BITLIS-BITLIS,293
"TRB2-DOGU ANADOLU-(BITLIS, HAKKÂRI, MUS, VAN)",BITLIS,GUROYMAK,BITLIS-GUROYMAK,359
"TRB2-DOGU ANADOLU-(BITLIS, HAKKÂRI, MUS, VAN)",BITLIS,HIZAN,BITLIS-HIZAN,252
"TRB2-DOGU ANADOLU-(BITLIS, HAKKÂRI, MUS, VAN)",BITLIS,MUTKI,BITLIS-MUTKI,299
"TRB2-DOGU ANADOLU-(BITLIS, HAKKÂRI, MUS, VAN)",BITLIS,TATVAN,BITLIS-TATVAN,316
"TRB2-DOGU ANADOLU-(BITLIS, HAKKÂRI, MUS, VAN)",HAKKARI,CUKURCA,HAKKARI-CUKURCA,133
"TRB2-DOGU ANADOLU-(BITLIS, HAKKÂRI, MUS, VAN)",HAKKARI,DERECIK,HAKKARI-DERECIK,971
"TRB2-DOGU ANADOLU-(BITLIS, HAKKÂRI, MUS, VAN)",HAKKARI,HAKKARI,HAKKARI-HAKKARI,141
"TRB2-DOGU ANADOLU-(BITLIS, HAKKÂRI, MUS, VAN)",HAKKARI,SEMDINLI,HAKKARI-SEMDINLI,155
"TRB2-DOGU ANADOLU-(BITLIS, HAKKÂRI, MUS, VAN)",HAKKARI,YUKSEKOVA,HAKKARI-YUKSEKOVA,134
"TRB2-DOGU ANADOLU-(BITLIS, HAKKÂRI, MUS, VAN)",MUS,BULANIK,MUS-BULANIK,420
"TRB2-DOGU ANADOLU-(BITLIS, HAKKÂRI, MUS, VAN)",MUS,HASKOY,MUS-HASKOY,374
"TRB2-DOGU ANADOLU-(BITLIS, HAKKÂRI, MUS, VAN)",MUS,KORKUT,MUS-KORKUT,395
"TRB2-DOGU ANADOLU-(BITLIS, HAKKÂRI, MUS, VAN)",MUS,MALAZGIRT,MUS-MALAZGIRT,429
"TRB2-DOGU ANADOLU-(BITLIS, HAKKÂRI, MUS, VAN)",MUS,MUS,MUS-MUS,369
"TRB2-DOGU ANADOLU-(BITLIS, HAKKÂRI, MUS, VAN)",MUS,VARTO,MUS-VARTO,450
"TRB2-DOGU ANADOLU-(BITLIS, HAKKÂRI, MUS, VAN)",VAN,BAHCESARAY,VAN-BAHCESARAY,262
"TRB2-DOGU ANADOLU-(BITLIS, HAKKÂRI, MUS, VAN)",VAN,BASKALE,VAN-BASKALE,209
"TRB2-DOGU ANADOLU-(BITLIS, HAKKÂRI, MUS, VAN)",VAN,CALDIRAN,VAN-CALDIRAN,430
"TRB2-DOGU ANADOLU-(BITLIS, HAKKÂRI, MUS, VAN)",VAN,CATAK,VAN-CATAK,203
"TRB2-DOGU ANADOLU-(BITLIS, HAKKÂRI, MUS, VAN)",VAN,EDREMIT,VAN-EDREMIT,333
"TRB2-DOGU ANADOLU-(BITLIS, HAKKÂRI, MUS, VAN)",VAN,ERCIS,VAN-ERCIS,431
"TRB2-DOGU ANADOLU-(BITLIS, HAKKÂRI, MUS, VAN)",VAN,GEVAS,VAN-GEVAS,290
"TRB2-DOGU ANADOLU-(BITLIS, HAKKÂRI, MUS, VAN)",VAN,GURPINAR,VAN-GURPINAR,204
"TRB2-DOGU ANADOLU-(BITLIS, HAKKÂRI, MUS, VAN)",VAN,IPEKYOLU,VAN-IPEKYOLU,347
"TRB2-DOGU ANADOLU-(BITLIS, HAKKÂRI, MUS, VAN)",VAN,MURADIYE,VAN-MURADIYE,407
"TRB2-DOGU ANADOLU-(BITLIS, HAKKÂRI, MUS, VAN)",VAN,OZALP,VAN-OZALP,349
"TRB2-DOGU ANADOLU-(BITLIS, HAKKÂRI, MUS, VAN)",VAN,SARAY,VAN-SARAY,967
"TRB2-DOGU ANADOLU-(BITLIS, HAKKÂRI, MUS, VAN)",VAN,TUSBA,VAN-TUSBA,346
"TRC1-IPEKYOLU-(ADIYAMAN, GAZIANTEP, KILIS)",ADIYAMAN,ADIYAMAN,ADIYAMAN-ADIYAMAN,187
"TRC1-IPEKYOLU-(ADIYAMAN, GAZIANTEP, KILIS)",ADIYAMAN,BESNI,ADIYAMAN-BESNI,167
"TRC1-IPEKYOLU-(ADIYAMAN, GAZIANTEP, KILIS)",ADIYAMAN,CELIKHAN,ADIYAMAN-CELIKHAN,254
"TRC1-IPEKYOLU-(ADIYAMAN, GAZIANTEP, KILIS)",ADIYAMAN,GERGER,ADIYAMAN-GERGER,258
"TRC1-IPEKYOLU-(ADIYAMAN, GAZIANTEP, KILIS)",ADIYAMAN,GOLBASI,ADIYAMAN-GOLBASI,177
"TRC1-IPEKYOLU-(ADIYAMAN, GAZIANTEP, KILIS)",ADIYAMAN,KAHTA,ADIYAMAN-KAHTA,180
"TRC1-IPEKYOLU-(ADIYAMAN, GAZIANTEP, KILIS)",ADIYAMAN,SAMSAT,ADIYAMAN-SAMSAT,181
"TRC1-IPEKYOLU-(ADIYAMAN, GAZIANTEP, KILIS)",ADIYAMAN,SINCIK,ADIYAMAN-SINCIK,241
"TRC1-IPEKYOLU-(ADIYAMAN, GAZIANTEP, KILIS)",ADIYAMAN,TUT,ADIYAMAN-TUT,208
"TRC1-IPEKYOLU-(ADIYAMAN, GAZIANTEP, KILIS)",GAZIANTEP,ARABAN,GAZIANTEP-ARABAN,139
"TRC1-IPEKYOLU-(ADIYAMAN, GAZIANTEP, KILIS)",GAZIANTEP,ISLAHIYE,GAZIANTEP-ISLAHIYE,59
"TRC1-IPEKYOLU-(ADIYAMAN, GAZIANTEP, KILIS)",GAZIANTEP,KARKAMIS,GAZIANTEP-KARKAMIS,43
"TRC1-IPEKYOLU-(ADIYAMAN, GAZIANTEP, KILIS)",GAZIANTEP,NIZIP,GAZIANTEP-NIZIP,75
"TRC1-IPEKYOLU-(ADIYAMAN, GAZIANTEP, KILIS)",GAZIANTEP,NURDAGI,GAZIANTEP-NURDAGI,79
"TRC1-IPEKYOLU-(ADIYAMAN, GAZIANTEP, KILIS)",GAZIANTEP,OGUZELI,GAZIANTEP-OGUZELI,42
"TRC1-IPEKYOLU-(ADIYAMAN, GAZIANTEP, KILIS)",GAZIANTEP,SAHINBEY,GAZIANTEP-SAHINBEY,50
"TRC1-IPEKYOLU-(ADIYAMAN, GAZIANTEP, KILIS)",GAZIANTEP,SEHITKAMIL,GAZIANTEP-SEHITKAMIL,81
"TRC1-IPEKYOLU-(ADIYAMAN, GAZIANTEP, KILIS)",GAZIANTEP,YAVUZELI,GAZIANTEP-YAVUZELI,117
"TRC1-IPEKYOLU-(ADIYAMAN, GAZIANTEP, KILIS)",KILIS,ELBEYLI,KILIS-ELBEYLI,30
"TRC1-IPEKYOLU-(ADIYAMAN, GAZIANTEP, KILIS)",KILIS,KILIS,KILIS-KILIS,29
"TRC1-IPEKYOLU-(ADIYAMAN, GAZIANTEP, KILIS)",KILIS,MUSABEYLI,KILIS-MUSABEYLI,58
"TRC1-IPEKYOLU-(ADIYAMAN, GAZIANTEP, KILIS)",KILIS,POLATELI,KILIS-POLATELI,56
"TRC2-KARACADAG-(DIYARBAKIR, SANLIURFA)",DIYARBAKIR,BAGLAR,DIYARBAKIR-BAGLAR,220
"TRC2-KARACADAG-(DIYARBAKIR, SANLIURFA)",DIYARBAKIR,BISMIL,DIYARBAKIR-BISMIL,201
"TRC2-KARACADAG-(DIYARBAKIR, SANLIURFA)",DIYARBAKIR,CERMIK,DIYARBAKIR-CERMIK,263
"TRC2-KARACADAG-(DIYARBAKIR, SANLIURFA)",DIYARBAKIR,CINAR,DIYARBAKIR-CINAR,171
"TRC2-KARACADAG-(DIYARBAKIR, SANLIURFA)",DIYARBAKIR,CUNGUS,DIYARBAKIR-CUNGUS,292
"TRC2-KARACADAG-(DIYARBAKIR, SANLIURFA)",DIYARBAKIR,DICLE,DIYARBAKIR-DICLE,301
"TRC2-KARACADAG-(DIYARBAKIR, SANLIURFA)",DIYARBAKIR,EGIL,DIYARBAKIR-EGIL,285
"TRC2-KARACADAG-(DIYARBAKIR, SANLIURFA)",DIYARBAKIR,ERGANI,DIYARBAKIR-ERGANI,229
"TRC2-KARACADAG-(DIYARBAKIR, SANLIURFA)",DIYARBAKIR,HANI,DIYARBAKIR-HANI,308
"TRC2-KARACADAG-(DIYARBAKIR, SANLIURFA)",DIYARBAKIR,HAZRO,DIYARBAKIR-HAZRO,289
"TRC2-KARACADAG-(DIYARBAKIR, SANLIURFA)",DIYARBAKIR,KAYAPINAR,DIYARBAKIR-KAYAPINAR,240
"TRC2-KARACADAG-(DIYARBAKIR, SANLIURFA)",DIYARBAKIR,KOCAKOY,DIYARBAKIR-KOCAKOY,309
"TRC2-KARACADAG-(DIYARBAKIR, SANLIURFA)",DIYARBAKIR,KULP,DIYARBAKIR-KULP,388
"TRC2-KARACADAG-(DIYARBAKIR, SANLIURFA)",DIYARBAKIR,LICE,DIYARBAKIR-LICE,319
"TRC2-KARACADAG-(DIYARBAKIR, SANLIURFA)",DIYARBAKIR,SILVAN,DIYARBAKIR-SILVAN,273
"TRC2-KARACADAG-(DIYARBAKIR, SANLIURFA)",DIYARBAKIR,SUR,DIYARBAKIR-SUR,221
"TRC2-KARACADAG-(DIYARBAKIR, SANLIURFA)",DIYARBAKIR,YENISEHIR,DIYARBAKIR-YENISEHIR,234
"TRC2-KARACADAG-(DIYARBAKIR, SANLIURFA)",SANLIURFA,AKCAKALE,SANLIURFA-AKCAKALE,34
"TRC2-KARACADAG-(DIYARBAKIR, SANLIURFA)",SANLIURFA,BIRECIK,SANLIURFA-BIRECIK,97
"TRC2-KARACADAG-(DIYARBAKIR, SANLIURFA)",SANLIURFA,BOZOVA,SANLIURFA-BOZOVA,95
"TRC2-KARACADAG-(DIYARBAKIR, SANLIURFA)",SANLIURFA,CEYLANPINAR,SANLIURFA-CEYLANPINAR,35
"TRC2-KARACADAG-(DIYARBAKIR, SANLIURFA)",SANLIURFA,EYYUBIYE,SANLIURFA-EYYUBIYE,71
"TRC2-KARACADAG-(DIYARBAKIR, SANLIURFA)",SANLIURFA,HALFETI,SANLIURFA-HALFETI,109
"TRC2-KARACADAG-(DIYARBAKIR, SANLIURFA)",SANLIURFA,HALILIYE,SANLIURFA-HALILIYE,98
"TRC2-KARACADAG-(DIYARBAKIR, SANLIURFA)",SANLIURFA,HARRAN,SANLIURFA-HARRAN,52
"TRC2-KARACADAG-(DIYARBAKIR, SANLIURFA)",SANLIURFA,HILVAN,SANLIURFA-HILVAN,158
"TRC2-KARACADAG-(DIYARBAKIR, SANLIURFA)",SANLIURFA,KARAKOPRU,SANLIURFA-KARAKOPRU,89
"TRC2-KARACADAG-(DIYARBAKIR, SANLIURFA)",SANLIURFA,SIVEREK,SANLIURFA-SIVEREK,157
"TRC2-KARACADAG-(DIYARBAKIR, SANLIURFA)",SANLIURFA,SURUC,SANLIURFA-SURUC,70
"TRC2-KARACADAG-(DIYARBAKIR, SANLIURFA)",SANLIURFA,VIRANSEHIR,SANLIURFA-VIRANSEHIR,78
"TRC3-DICLE-(BATMAN, MARDIN, SIRNAK, SIIRT)",BATMAN,BATMAN,BATMAN-BATMAN,199
"TRC3-DICLE-(BATMAN, MARDIN, SIRNAK, SIIRT)",BATMAN,BESIRI,BATMAN-BESIRI,202
"TRC3-DICLE-(BATMAN, MARDIN, SIRNAK, SIIRT)",BATMAN,GERCUS,BATMAN-GERCUS,168
"TRC3-DICLE-(BATMAN, MARDIN, SIRNAK, SIIRT)",BATMAN,HASANKEYF,BATMAN-HASANKEYF,189
"TRC3-DICLE-(BATMAN, MARDIN, SIRNAK, SIIRT)",BATMAN,KOZLUK,BATMAN-KOZLUK,268
"TRC3-DICLE-(BATMAN, MARDIN, SIRNAK, SIIRT)",BATMAN,SASON,BATMAN-SASON,330
"TRC3-DICLE-(BATMAN, MARDIN, SIRNAK, SIIRT)",MARDIN,ARTUKLU,MARDIN-ARTUKLU,114
"TRC3-DICLE-(BATMAN, MARDIN, SIRNAK, SIIRT)",MARDIN,DARGECIT,MARDIN-DARGECIT,148
"TRC3-DICLE-(BATMAN, MARDIN, SIRNAK, SIIRT)",MARDIN,DERIK,MARDIN-DERIK,91
"TRC3-DICLE-(BATMAN, MARDIN, SIRNAK, SIIRT)",MARDIN,KIZILTEPE,MARDIN-KIZILTEPE,87
"TRC3-DICLE-(BATMAN, MARDIN, SIRNAK, SIIRT)",MARDIN,MAZIDAGI,MARDIN-MAZIDAGI,128
"TRC3-DICLE-(BATMAN, MARDIN, SIRNAK, SIIRT)",MARDIN,MIDYAT,MARDIN-MIDYAT,125
"TRC3-DICLE-(BATMAN, MARDIN, SIRNAK, SIIRT)",MARDIN,NUSAYBIN,MARDIN-NUSAYBIN,115
"TRC3-DICLE-(BATMAN, MARDIN, SIRNAK, SIIRT)",MARDIN,OMERLI,MARDIN-OMERLI,116
"TRC3-DICLE-(BATMAN, MARDIN, SIRNAK, SIIRT)",MARDIN,SAVUR,MARDIN-SAVUR,151
"TRC3-DICLE-(BATMAN, MARDIN, SIRNAK, SIIRT)",MARDIN,YESILLI,MARDIN-YESILLI,150
"TRC3-DICLE-(BATMAN, MARDIN, SIRNAK, SIIRT)",SIIRT,BAYKAN,SIIRT-BAYKAN,271
"TRC3-DICLE-(BATMAN, MARDIN, SIRNAK, SIIRT)",SIIRT,ERUH,SIIRT-ERUH,179
"TRC3-DICLE-(BATMAN, MARDIN, SIRNAK, SIIRT)",SIIRT,KURTALAN,SIIRT-KURTALAN,198
"TRC3-DICLE-(BATMAN, MARDIN, SIRNAK, SIIRT)",SIIRT,PERVARI,SIIRT-PERVARI,191
"TRC3-DICLE-(BATMAN, MARDIN, SIRNAK, SIIRT)",SIIRT,SIIRT,SIIRT-SIIRT,190
"TRC3-DICLE-(BATMAN, MARDIN, SIRNAK, SIIRT)",SIIRT,SIRVAN,SIIRT-SIRVAN,250
"TRC3-DICLE-(BATMAN, MARDIN, SIRNAK, SIIRT)",SIIRT,TILLO,SIIRT-TILLO,236
"TRC3-DICLE-(BATMAN, MARDIN, SIRNAK, SIIRT)",SIRNAK,BEYTUSSEBAP,SIRNAK-BEYTUSSEBAP,174
"TRC3-DICLE-(BATMAN, MARDIN, SIRNAK, SIIRT)",SIRNAK,CIZRE,SIRNAK-CIZRE,137
"TRC3-DICLE-(BATMAN, MARDIN, SIRNAK, SIIRT)",SIRNAK,GUCLUKONAK,SIRNAK-GUCLUKONAK,144
"TRC3-DICLE-(BATMAN, MARDIN, SIRNAK, SIIRT)",SIRNAK,IDIL,SIRNAK-IDIL,119
"TRC3-DICLE-(BATMAN, MARDIN, SIRNAK, SIIRT)",SIRNAK,SILOPI,SIRNAK-SILOPI,138
"TRC3-DICLE-(BATMAN, MARDIN, SIRNAK, SIIRT)",SIRNAK,SIRNAK,SIRNAK-SIRNAK,143
"TRC3-DICLE-(BATMAN, MARDIN, SIRNAK, SIIRT)",SIRNAK,ULUDERE,SIRNAK-ULUDERE,142
